Player,stats_standard_Nation,stats_standard_Squad,stats_standard_Position,stats_standard_Current age,stats_standard_Matches Played,stats_standard_Minutes,stats_standard_Goals,stats_standard_Assists,stats_standard_Yellow Cards,stats_standard_Red Cards,stats_standard_xG: Expected Goals,stats_standard_xAG: Exp. Assisted Goals,stats_standard_Progressive Carries,stats_standard_Progressive Passes,stats_standard_Progressive Passes Rec,stats_standard_Goals/90,stats_standard_Assists/90,stats_standard_xG/90,stats_standard_xAG/90,stats_shooting_Shots on Target %,stats_shooting_Shots on target/90,stats_shooting_Goals/Shot,stats_shooting_Average Shot Distance,stats_passing_Passes Completed,stats_passing_Pass Completion %,stats_passing_Total Passing Distance,stats_passing_Passes Completed (Short),stats_passing_Pass Completion % (Medium),stats_passing_Pass Completion % (Long),stats_passing_Key Passes,stats_passing_Passes into Final Third,stats_passing_Passes into Penalty Area,stats_passing_Crosses into Penalty Area,stats_passing_Progressive Passes,stats_gca_Shot-Creating Actions,stats_gca_Shot-Creating Actions/90,stats_gca_Goal-Creating Actions,stats_gca_Goal-Creating Actions/90,stats_defense_Tackles,stats_defense_Tackles Won,stats_defense_Dribbles Challenged,stats_defense_Challenges Lost,stats_defense_Blocks,stats_defense_Shots Blocked,stats_defense_Passes Blocked,stats_defense_Interceptions,stats_possession_Touches,stats_possession_Touches (Def Pen),stats_possession_Touches (Def 3rd),stats_possession_Touches (Mid 3rd),stats_possession_Touches (Att 3rd),stats_possession_Touches (Att Pen),stats_possession_Take-Ons Attempted,stats_possession_Successful Take-On %,stats_possession_Tackled During Take-On Percentage,stats_possession_Carries,stats_possession_Progressive Carrying Distance,stats_possession_Progressive Carries,stats_possession_Carries into Final Third,stats_possession_Carries into Penalty Area,stats_possession_Miscontrols,stats_possession_Dispossessed,stats_possession_Passes Received,stats_possession_Progressive Passes Rec,stats_misc_Yellow Cards,stats_misc_Red Cards,stats_misc_Fouls Committed,stats_misc_Fouls Drawn,stats_misc_Offsides,stats_misc_Crosses,stats_misc_Ball Recoveries,stats_misc_Aerials Won,stats_misc_Aerials Lost,stats_misc_% of Aerials Won,stats_keeper_Goals Against/90,stats_keeper_Save Percentage,stats_keeper_Clean Sheet Percentage,stats_keeper_Save% (Penalty Kicks),player_name,team,price,skill/pot
aaron ramsdale,engENG,Southampton,GK,26-359,27,2430,0,0,2,0,0,0,0,0,0,0,0,0,0,N/a,0,N/a,N/a,715,64.6,20052,199,96.2,38.6,0,33,1,0,0,3,0.11,0,0,0,0,2,2,0,0,0,2,1189,860,1166,26,0,0,0,N/a,N/a,723,2159,0,0,0,3,0,646,0,2,0,1,4,0,0,20,5,0,100,2.3,67.1,7.4,28.6,aaron ramsdale,Southampton,€18.7M,67.3/71.5
aaron wan-bissaka,engENG,West Ham,DF,27-163,33,2884,2,3,1,0,1.2,3.2,101,132,150,0.06,0.09,0.04,0.1,31.3,0.16,0.13,15.1,1321,80.5,18817,846,81.1,46,30,89,32,11,132,85,2.65,8,0.25,64,45,27,7,32,9,23,60,2039,136,628,877,564,44,108,52.8,34.3,961,3383,101,59,13,31,21,1174,150,1,0,22,25,4,70,163,22,30,42.3,N/a,N/a,N/a,N/a,aaron wan-bissaka,West Ham United,€26.9M,74.4/75.0
abdoulaye doucouré,mlMLI,Everton,MF,32-127,30,2425,3,1,5,1,3.9,2.3,40,78,91,0.11,0.04,0.14,0.09,31,0.33,0.1,13.8,676,79.6,10229,354,83.1,72.7,26,44,14,0,78,54,2,2,0.07,45,27,39,26,30,6,24,9,1090,31,218,502,385,59,43,53.5,46.5,571,1339,40,24,8,33,35,705,91,5,1,46,5,10,23,139,29,43,40.3,N/a,N/a,N/a,N/a,abdoulaye doucouré,Everton,€5.8M,69.1/69.1
adam smith,engENG,Bournemouth,DF,34-009,22,1409,0,0,6,0,0.7,0.3,12,40,31,0,0,0.04,0.02,0,0,0,16.9,436,75.7,7088,213,78.1,37.5,7,41,8,5,40,20,1.28,2,0.13,21,10,25,13,12,5,7,14,707,39,217,332,162,6,15,40,40,305,585,12,15,0,10,6,333,31,6,0,15,11,0,30,43,12,13,48,N/a,N/a,N/a,N/a,adam smith,B'mouth,€1.5M,68.5/68.7
adam wharton,engENG,Crystal Palace,MF,20-340,20,1318,0,2,2,0,0.4,3,14,107,11,0,0.14,0.03,0.21,38.5,0.34,0,25.4,548,75.6,10271,208,80.1,65.4,26,78,18,5,107,59,4.03,6,0.41,34,14,44,27,11,2,9,20,871,30,204,462,212,11,10,20,80,430,1078,14,23,2,17,13,533,11,2,0,12,21,0,39,102,7,16,30.4,N/a,N/a,N/a,N/a,adam wharton,C. Palace,€48.9M,68.1/81.3
adama traoré,esESP,Fulham,"FW,MF",29-103,33,1592,2,6,3,0,3.9,4.7,89,61,145,0.11,0.34,0.22,0.27,29.7,0.62,0.05,14.3,386,72,6023,214,73.4,55.1,38,32,33,18,61,76,4.3,9,0.51,17,12,13,8,7,0,7,1,737,4,75,260,424,88,93,50.5,37.6,490,2268,89,42,33,34,21,556,145,3,0,20,29,1,92,78,24,26,48,N/a,N/a,N/a,N/a,adama traoré,Fulham,€8M,68.7/68.7
alejandro garnacho,arARG,Manchester Utd,"MF,FW",20-311,34,2146,6,2,3,0,7.2,4.5,139,56,281,0.25,0.08,0.3,0.19,34.9,1.22,0.07,17.2,635,79.1,8921,395,82.9,60,35,21,24,4,56,81,3.4,6,0.25,29,18,36,24,19,0,19,13,1132,13,128,360,662,170,87,29.9,60.9,819,3176,139,72,66,63,48,864,281,3,0,12,41,10,52,108,3,23,11.5,N/a,N/a,N/a,N/a,alejandro garnacho,Man Utd,€60.7M,70.9/87.1
alex iwobi,ngNGA,Fulham,"FW,MF",29-005,35,2796,9,6,1,0,4.6,6.9,135,199,224,0.29,0.19,0.15,0.22,44.4,0.9,0.14,18.2,1057,74.4,18132,526,77.7,53.8,56,107,78,17,199,115,3.7,16,0.52,39,23,30,11,25,1,24,13,1724,31,228,691,831,109,87,49.4,44.8,1218,4098,135,102,37,55,38,1345,224,1,0,17,17,5,120,126,6,31,16.2,N/a,N/a,N/a,N/a,alex iwobi,Fulham,€30.3M,76.3/76.3
alex palmer,engENG,Ipswich Town,GK,28-271,11,990,0,0,2,0,0,0,0,1,0,0,0,0,0,N/a,0,N/a,N/a,241,67.7,7340,46,100,43.8,1,7,0,0,1,2,0.18,0,0,0,0,0,0,0,0,0,0,400,334,393,8,0,0,0,N/a,N/a,180,604,0,0,0,1,0,132,0,2,0,1,2,0,0,15,4,0,100,2.45,58.7,0,0,alex palmer,Ipswich Town,€1.6M,64.4/67.5
alexander isak,seSWE,Newcastle Utd,FW,25-229,32,2577,23,6,1,0,19.9,4.3,81,80,200,0.8,0.21,0.69,0.15,42,1.29,0.22,14.6,479,74.5,6849,285,77.4,63.2,41,33,26,1,80,89,3.11,14,0.49,12,5,13,8,18,2,16,3,960,20,55,361,558,178,88,47.7,50,574,1782,81,41,43,62,52,681,200,1,0,25,13,20,15,55,26,52,33.3,N/a,N/a,N/a,N/a,alexander isak,Newcastle Utd.,€120.3M,82.0/84.9
alexis mac allister,arARG,Liverpool,MF,26-135,34,2575,5,5,6,0,2.8,4.6,34,174,79,0.17,0.17,0.1,0.16,34.2,0.45,0.13,18.1,1260,83.5,20147,650,88.4,55.7,44,121,34,2,174,119,4.16,15,0.52,95,58,104,49,61,6,55,22,1845,55,280,956,630,60,42,38.1,50,906,1961,34,42,5,31,22,1217,79,6,0,61,40,2,85,146,19,34,35.8,N/a,N/a,N/a,N/a,alexis mac allister,Liverpool,€106.1M,85.5/88.9
alisson,brBRA,Liverpool,GK,32-218,25,2238,0,0,0,0,0,0.6,0,0,0,0,0,0,0.02,N/a,0,N/a,N/a,681,83.6,14999,205,98.6,48.1,1,11,0,0,0,6,0.24,1,0.04,1,0,1,1,0,0,0,0,860,622,844,16,0,0,1,100,0,550,1284,0,0,0,1,0,525,0,0,0,0,2,0,0,42,6,0,100,0.92,71.4,36,0,alisson,Liverpool,€24.1M,78.0/78.0
amad diallo,ciCIV,Manchester Utd,"FW,MF",22-301,23,1639,7,6,3,0,4.2,4,93,55,163,0.38,0.33,0.23,0.22,32.6,0.77,0.16,18,676,82.9,9329,417,85.3,53.1,40,25,30,5,55,83,4.56,17,0.93,35,28,28,11,11,0,11,11,1042,13,154,381,523,112,77,49.4,45.5,678,2355,93,48,54,36,32,731,163,3,0,19,24,9,38,99,9,15,37.5,N/a,N/a,N/a,N/a,amad diallo,Man Utd,€48.5M,69.4/76.9
amadou onana,beBEL,Aston Villa,MF,23-265,23,1378,3,0,4,0,2.1,0.3,21,60,14,0.2,0,0.14,0.02,35.3,0.39,0.18,14.7,607,88.5,9552,312,89.8,73,8,56,9,1,60,27,1.76,4,0.26,47,24,26,12,14,6,8,24,858,62,233,506,133,21,17,64.7,17.6,468,1293,21,20,1,10,9,579,14,4,0,30,24,0,1,66,27,18,60,N/a,N/a,N/a,N/a,amadou onana,Aston Villa,€62.1M,68.7/76.0
andreas pereira,brBRA,Fulham,MF,29-127,31,1879,2,4,7,0,3.5,4.5,27,99,78,0.1,0.19,0.17,0.21,22.9,0.38,0.06,22.1,641,68.9,11658,296,78.3,41,56,64,19,4,99,101,4.84,8,0.38,22,12,40,30,16,2,14,8,1096,17,156,446,511,39,29,44.8,27.6,556,1266,27,35,8,26,21,648,78,7,0,27,23,1,168,97,12,21,36.4,N/a,N/a,N/a,N/a,andreas pereira,Fulham,€19M,75.7/75.7
andrew robertson,sctSCO,Liverpool,DF,31-058,31,2308,0,0,3,1,1,4.1,58,165,95,0,0,0.04,0.16,15.4,0.08,0,14.5,1456,83,24521,713,86.8,46.8,38,144,28,16,165,75,2.92,3,0.12,38,22,47,17,9,4,5,20,1947,86,500,882,578,50,18,38.9,55.6,1028,2588,58,48,6,25,11,1302,95,3,1,11,8,2,136,91,6,12,33.3,N/a,N/a,N/a,N/a,andrew robertson,Liverpool,€24M,80.2/80.6
andré,brBRA,Wolves,MF,23-296,30,2249,0,0,7,0,0.4,0.7,8,95,11,0,0,0.02,0.03,11.1,0.04,0,25.3,1111,92.8,17503,568,95.4,80,15,101,4,0,95,45,1.8,3,0.12,80,48,57,25,41,8,33,32,1451,83,395,939,132,3,27,48.1,37,795,1440,8,14,0,27,17,973,11,7,0,34,32,0,0,176,2,6,25,N/a,N/a,N/a,N/a,andré,Wolverhampton,€29.8M,71.5/79.3
andré onana,cmCMR,Manchester Utd,GK,29-036,33,2970,0,0,0,0,0,0.2,0,1,0,0,0,0,0.01,N/a,0,N/a,N/a,920,73.1,21868,218,99,36.3,1,24,0,0,1,4,0.12,0,0,1,1,3,2,0,0,0,0,1323,1005,1302,22,0,0,0,N/a,N/a,932,2615,0,0,0,1,0,810,0,0,0,0,2,0,0,33,6,0,100,1.3,69,27.3,25,andré onana,Man Utd,€34.2M,73.5/76.9
anthony elanga,seSWE,Nott'ham Forest,"FW,MF",23-011,35,2232,6,9,1,0,4.2,4.8,87,54,190,0.24,0.36,0.17,0.19,52.5,0.85,0.15,17.3,479,65.2,6909,289,64.1,33,44,29,24,7,54,89,3.59,14,0.57,18,13,17,12,11,1,10,6,1000,29,133,290,594,98,76,30.3,46.1,527,2268,87,42,42,70,39,672,190,1,0,8,36,15,156,84,24,34,41.4,N/a,N/a,N/a,N/a,anthony elanga,Nottingham,€45.5M,75.0/82.6
anthony gordon,engENG,Newcastle Utd,FW,24-073,31,2235,6,5,2,0,8,4.9,111,93,197,0.24,0.2,0.32,0.2,28.6,0.64,0.09,16.8,671,73.3,10367,373,78.2,43.2,50,61,52,17,93,99,3.99,12,0.48,31,17,34,22,24,2,22,6,1178,16,115,444,638,123,96,36.5,46.9,758,3042,111,56,55,28,35,851,197,2,0,19,65,8,122,92,6,7,46.2,N/a,N/a,N/a,N/a,anthony gordon,Newcastle Utd.,€49.5M,80.7/86.9
antoine semenyo,ghGHA,Bournemouth,FW,25-121,34,2933,9,5,9,0,9.3,5.8,133,106,259,0.28,0.15,0.29,0.18,31.4,1.14,0.08,17.2,737,73.2,10554,442,76.5,38.6,45,48,44,8,106,123,3.77,13,0.4,53,34,42,26,59,8,51,10,1503,44,187,526,824,176,125,51.2,41.6,904,3409,133,65,65,79,72,1041,259,9,0,66,36,14,52,150,61,72,45.9,N/a,N/a,N/a,N/a,antoine semenyo,B'mouth,€47.7M,74.1/79.3
antonee robinson,usUSA,Fulham,DF,27-273,34,2989,0,10,8,0,0.7,4.1,114,123,265,0,0.3,0.02,0.12,12.5,0.06,0,22.1,1523,76.6,26058,732,79,56.4,42,113,54,28,123,77,2.32,11,0.33,90,57,89,45,37,7,30,57,2404,128,765,911,763,67,78,43.6,42.3,1278,4057,114,60,29,41,18,1440,265,8,0,31,17,6,165,148,45,25,64.3,N/a,N/a,N/a,N/a,antonee robinson,Fulham,€46.4M,77.9/78.7
archie gray,engENG,Tottenham,"DF,MF",19-057,25,1481,0,0,0,0,0,0.1,6,34,15,0,0,0,0.01,100,0.06,0,24.6,939,88.2,16414,360,92.7,59.1,2,39,0,0,34,5,0.3,0,0,13,7,17,10,19,10,9,13,1179,139,564,537,88,2,11,54.5,36.4,816,1551,6,5,0,9,10,881,15,0,0,9,11,0,13,59,10,9,52.6,N/a,N/a,N/a,N/a,archie gray,Tottenham,€58.2M,71.0/89.0
ashley young,engENG,Everton,"DF,FW",39-303,29,1622,1,3,6,1,0.3,1.6,20,83,27,0.06,0.17,0.01,0.09,50,0.17,0.17,24.5,610,69.9,11228,292,76,40.3,19,72,18,9,83,38,2.11,6,0.33,51,29,51,19,10,3,7,23,1043,52,316,452,280,9,15,33.3,46.7,415,1214,20,24,1,8,1,535,27,6,1,25,18,0,66,61,10,11,47.6,N/a,N/a,N/a,N/a,ashley young,Everton,€1.3M,72.5/72.5
axel tuanzebe,cdCOD,Ipswich Town,DF,27-175,19,1446,0,1,5,1,0.2,0.3,9,46,8,0,0.06,0.01,0.02,0,0,0,15.7,538,83,8269,296,81.8,56.1,4,50,3,0,46,11,0.68,2,0.12,29,17,24,8,18,9,9,21,793,89,343,348,108,6,10,40,60,339,727,9,6,1,11,1,410,8,5,1,13,11,0,6,43,16,16,50,N/a,N/a,N/a,N/a,axel tuanzebe,Ipswich Town,€4.2M,62.4/63.0
bart verbruggen,nlNED,Brighton,GK,22-263,33,2970,0,1,5,0,0,0,0,2,0,0,0.03,0,0,N/a,0,N/a,N/a,938,76.9,22231,267,98.2,45.9,1,18,1,0,2,5,0.15,1,0.03,0,0,3,3,1,0,1,0,1304,1034,1291,13,0,0,2,100,0,879,1673,0,1,1,2,0,836,0,5,0,0,2,0,0,58,10,1,90.9,1.67,64.7,18.2,0,bart verbruggen,Brighton,€30.7M,72.3/84.4
ben davies,wlsWAL,Tottenham,DF,32-014,14,1126,0,0,4,0,0.3,0.2,14,50,6,0,0,0.02,0.02,20,0.08,0,17,797,88,14950,267,94.3,63.1,2,43,2,0,50,8,0.64,0,0,14,10,14,7,24,16,8,12,1045,178,549,451,45,12,1,100,0,588,1701,14,10,0,4,0,699,6,4,0,14,6,0,4,36,47,38,55.3,N/a,N/a,N/a,N/a,ben davies,Tottenham,€5.6M,66.4/66.4
ben johnson,engENG,Ipswich Town,"DF,FW",25-104,22,1348,1,2,5,1,1.1,1.3,16,26,33,0.07,0.13,0.07,0.09,42.9,0.2,0.14,12.6,296,71.5,4812,168,74.8,49,12,21,3,2,26,23,1.54,5,0.33,38,22,41,21,22,5,17,13,624,60,245,219,163,12,24,33.3,58.3,259,585,16,12,3,23,17,290,33,5,1,27,6,1,37,57,19,18,51.4,N/a,N/a,N/a,N/a,ben johnson,Ipswich Town,€12.6M,66.6/70.6
ben white,engENG,Arsenal,DF,27-212,14,941,0,1,2,0,0.4,0.8,11,44,28,0,0.1,0.04,0.08,14.3,0.1,0,19.1,449,83.6,7272,230,84.6,48.9,7,39,8,1,44,16,1.53,1,0.1,13,9,28,17,9,7,2,15,633,46,183,289,165,20,4,0,75,292,622,11,11,3,8,4,375,28,2,0,8,4,1,10,26,15,5,75,N/a,N/a,N/a,N/a,ben white,Arsenal,€58.8M,83.1/84.9
bernardo silva,ptPOR,Manchester City,"MF,FW",30-271,30,2401,3,4,7,0,3.2,4.4,94,115,184,0.11,0.15,0.12,0.16,35.7,0.37,0.11,12.9,1370,87.1,20876,765,88.4,66.7,47,75,33,7,115,83,3.11,8,0.3,52,34,52,28,33,7,26,20,1816,48,318,739,777,131,59,45.8,42.4,1137,3650,94,60,31,21,32,1346,184,7,0,26,29,3,54,93,5,10,33.3,N/a,N/a,N/a,N/a,bernardo silva,Man City,€50M,86.7/87.8
bernd leno,deGER,Fulham,GK,33-065,35,3150,0,1,4,0,0,0.1,0,0,0,0,0.03,0,0,N/a,0,N/a,N/a,1060,81.5,25878,210,98.9,47.5,2,16,2,0,0,5,0.14,2,0.06,2,2,2,0,1,0,1,0,1364,1097,1354,10,0,0,0,N/a,N/a,892,2023,0,0,0,0,0,799,0,4,0,0,3,0,0,48,9,0,100,1.34,68.3,14.3,0,bernd leno,Fulham,€13.7M,74.0/74.0
beto,gwGNB,Everton,FW,27-097,27,1268,7,0,2,0,6.6,0.8,12,10,66,0.5,0,0.47,0.06,50,1.42,0.18,13.2,124,57.1,1676,74,50,87.5,8,5,4,1,10,17,1.21,0,0,14,6,8,3,8,1,7,3,429,22,43,188,204,72,32,53.1,43.8,221,390,12,9,9,59,33,309,66,2,0,30,18,14,3,30,78,92,45.9,N/a,N/a,N/a,N/a,beto,Everton,€24.4M,66.7/66.7
bilal el khannouss,maMAR,Leicester City,MF,20-363,30,2003,2,3,4,0,1.1,4.1,71,119,83,0.09,0.13,0.05,0.18,21.4,0.27,0.07,22.3,735,75.2,13072,346,80.6,57,36,83,28,6,119,66,2.97,5,0.22,46,26,28,13,21,4,17,6,1172,17,166,602,416,33,53,56.6,37.7,679,1949,71,42,12,36,36,788,83,4,0,28,11,1,83,84,19,20,48.7,N/a,N/a,N/a,N/a,bilal el khannouss,Leicester,€40.6M,64.6/79.6
boubacar kamara,frFRA,Aston Villa,MF,25-166,23,1463,0,0,2,0,0.4,0.9,16,74,7,0,0,0.02,0.05,14.3,0.06,0,21.1,738,89.2,11638,381,91.8,54.4,10,82,8,0,74,24,1.48,2,0.12,49,20,54,26,17,7,10,17,991,92,308,572,118,8,24,33.3,33.3,517,1121,16,11,1,10,15,673,7,2,0,25,28,0,1,73,17,23,42.5,N/a,N/a,N/a,N/a,boubacar kamara,Aston Villa,€46.3M,78.9/82.6
boubakary soumaré,frFRA,Leicester City,MF,26-070,28,1960,0,0,8,0,0.3,0.4,31,95,21,0,0,0.01,0.02,0,0,0,23.4,985,86.7,14936,537,87.6,69.1,11,90,13,2,95,34,1.56,3,0.14,33,18,30,12,20,8,12,24,1324,64,352,835,150,17,44,61.4,29.5,788,1881,31,16,3,20,21,929,21,8,0,21,21,0,8,130,20,9,69,N/a,N/a,N/a,N/a,boubakary soumaré,Leicester,€15.4M,69.0/74.1
brennan johnson,wlsWAL,Tottenham,FW,23-350,31,2083,11,3,5,0,9.8,2.3,57,70,194,0.48,0.13,0.43,0.1,37.7,0.86,0.21,11.4,438,71,5790,268,75.7,34.4,19,25,35,6,70,46,1.99,7,0.3,39,26,31,15,25,3,22,4,825,16,89,282,466,120,44,43.2,50,527,1410,57,21,32,25,16,609,194,5,0,26,25,12,52,60,7,20,25.9,N/a,N/a,N/a,N/a,brennan johnson,Tottenham,€71.3M,76.4/84.3
bruno fernandes,ptPOR,Manchester Utd,MF,30-242,33,2758,8,9,4,2,9.5,7.6,65,281,118,0.26,0.29,0.31,0.25,30.1,0.82,0.06,21.9,1522,75.2,26743,732,80.4,52.6,84,176,73,11,281,169,5.51,12,0.39,76,47,75,46,32,4,28,25,2394,59,398,1130,888,71,65,41.5,49.2,1379,3436,65,60,11,38,37,1665,118,4,2,26,37,2,172,192,21,28,42.9,N/a,N/a,N/a,N/a,bruno fernandes,Man Utd,€54.8M,79.8/79.9
bruno guimarães,brBRA,Newcastle Utd,MF,27-173,35,3002,4,6,6,0,3.9,5.8,54,247,81,0.12,0.18,0.12,0.17,25.6,0.3,0.1,16.3,1334,82.1,22040,656,87.5,56.8,47,162,70,6,247,121,3.63,17,0.51,75,43,64,33,34,9,25,27,2013,75,409,1035,592,74,75,45.3,32,1298,3108,54,40,12,53,73,1507,81,6,0,57,100,2,25,167,18,17,51.4,N/a,N/a,N/a,N/a,bruno guimarães,Newcastle Utd.,€83.2M,80.9/82.6
bryan mbeumo,cmCMR,Brentford,FW,25-274,35,3144,18,6,3,0,10.8,8,118,128,319,0.52,0.17,0.31,0.23,42.3,0.86,0.18,17.7,809,66.6,12856,445,72.1,37,66,55,55,16,128,134,3.84,18,0.52,45,29,31,13,24,3,21,14,1633,54,232,517,913,149,99,46.5,41.4,984,3237,118,64,68,99,40,1109,319,3,0,23,43,11,182,143,34,69,33,N/a,N/a,N/a,N/a,bryan mbeumo,Brentford,€57.2M,81.2/85.9
bukayo saka,engENG,Arsenal,"FW,MF",23-245,22,1539,6,10,3,0,6.3,6.8,82,62,233,0.35,0.58,0.37,0.4,34.5,1.17,0.09,15.5,488,75.2,7524,290,73.1,47.7,50,13,32,10,62,102,5.97,22,1.29,24,13,22,11,21,0,21,3,875,6,52,192,639,146,84,44,41.7,558,2133,82,28,45,29,38,635,233,3,0,14,38,5,110,65,8,19,29.6,N/a,N/a,N/a,N/a,bukayo saka,Arsenal,€101.3M,87.2/96.9
caleb okoli,itITA,Leicester City,DF,23-299,18,1124,1,0,4,0,0.6,0,3,32,2,0.08,0,0.05,0,50,0.16,0.25,13.5,558,86.4,9738,242,91,55.4,0,21,1,0,32,4,0.32,0,0,25,14,18,7,24,14,10,15,804,152,450,324,35,10,0,N/a,N/a,467,1106,3,6,0,10,2,483,2,4,0,16,9,0,1,44,23,21,52.3,N/a,N/a,N/a,N/a,caleb okoli,Leicester,€16.7M,64.3/73.0
callum hudson-odoi,engENG,Nott'ham Forest,"FW,MF",24-182,29,2152,5,2,2,0,2.5,2.7,127,66,186,0.21,0.08,0.1,0.11,45.9,0.71,0.14,18.3,674,82.2,9918,396,81.8,51.2,44,36,31,11,66,94,3.93,11,0.46,20,14,17,6,11,0,11,13,1005,15,111,324,595,72,62,58.1,29,626,3335,127,61,45,44,23,764,186,2,0,12,22,8,75,91,3,10,23.1,N/a,N/a,N/a,N/a,callum hudson-odoi,Nottingham,€30.2M,81.4/86.4
calvin bassey,ngNGA,Fulham,DF,25-128,33,2894,1,0,7,0,1,0.1,36,107,15,0.03,0,0.03,0,28.6,0.12,0.07,15.3,1822,89.8,32168,770,94,61.5,3,143,2,0,107,23,0.72,3,0.09,52,33,30,9,37,17,20,18,2317,308,1127,1090,124,19,31,45.2,32.3,1487,4539,36,18,5,32,8,1620,15,7,0,26,31,2,7,156,40,31,56.3,N/a,N/a,N/a,N/a,calvin bassey,Fulham,€29.9M,73.3/79.3
cameron archer,engENG,Southampton,FW,23-291,32,1373,2,0,0,0,5.1,0.4,19,14,64,0.13,0,0.33,0.02,33.3,0.59,0.07,13.1,189,81.1,2474,119,91.4,55.6,3,6,7,0,14,17,1.12,0,0,11,7,9,7,5,1,4,2,362,16,59,161,145,50,32,43.8,53.1,210,499,19,9,14,34,25,256,64,0,0,16,12,7,3,34,8,28,22.2,N/a,N/a,N/a,N/a,cameron archer,Southampton,€18.6M,66.2/73.8
cameron burgess,auAUS,Ipswich Town,DF,29-199,17,1451,0,2,0,0,0.7,0.5,2,41,4,0,0.12,0.04,0.03,11.1,0.06,0,9.7,590,80.9,10830,240,87,50.8,7,45,4,0,41,13,0.81,3,0.19,15,10,9,2,18,13,5,14,919,221,562,312,47,23,0,N/a,N/a,416,990,2,4,0,3,0,539,4,0,0,5,4,1,0,40,43,22,66.2,N/a,N/a,N/a,N/a,cameron burgess,Ipswich Town,€1.7M,61.7/62.8
carlos baleba,cmCMR,Brighton,MF,21-125,31,2403,3,1,8,1,3,1.3,40,111,27,0.11,0.04,0.11,0.05,26.8,0.41,0.07,25.3,1048,87.2,17638,499,91.7,62.3,20,103,22,2,111,60,2.25,4,0.15,71,41,72,28,44,10,34,40,1556,88,375,917,303,12,52,59.6,34.6,886,2588,40,40,3,37,37,944,27,8,1,38,44,0,8,176,38,24,61.3,N/a,N/a,N/a,N/a,carlos baleba,Brighton,€52.4M,73.7/87.5
carlos soler,esESP,West Ham,"MF,FW",28-126,29,1358,1,1,5,0,1.7,1.2,16,52,33,0.07,0.07,0.11,0.08,29.2,0.46,0.04,19.1,536,85.1,8360,288,85.6,53.7,14,41,11,0,52,47,3.12,2,0.13,15,11,23,16,19,6,13,8,748,26,173,391,189,23,18,44.4,50,341,714,16,16,4,12,14,506,33,5,0,24,18,0,31,64,9,11,45,N/a,N/a,N/a,N/a,carlos soler,West Ham United,€23.4M,71.4/71.6
casemiro,brBRA,Manchester Utd,MF,33-074,22,1335,1,0,3,0,1.7,2.3,4,70,26,0.07,0,0.11,0.15,28.6,0.54,0.04,18.8,670,78.5,11089,318,83.7,59.8,20,68,20,6,70,49,3.31,3,0.2,77,46,66,25,33,10,23,12,1091,69,327,555,217,38,6,50,50,575,823,4,10,0,10,10,697,26,3,0,17,18,3,19,89,31,17,64.6,N/a,N/a,N/a,N/a,casemiro,Man Utd,€11.6M,72.4/72.4
chris richards,usUSA,Crystal Palace,DF,25-041,21,1652,1,0,4,1,1.3,0.1,5,35,1,0.05,0,0.07,0.01,45.5,0.27,0.09,11.4,609,80.2,10779,250,89.6,44.9,2,22,1,1,35,7,0.38,2,0.11,44,28,38,15,36,13,23,15,985,113,527,397,67,18,6,16.7,83.3,453,916,5,5,0,5,5,547,1,4,1,11,4,1,3,49,38,38,50,N/a,N/a,N/a,N/a,chris richards,C. Palace,€15.7M,71.1/75.3
chris wood,nzNZL,Nott'ham Forest,FW,33-152,33,2689,19,3,1,0,11.7,2.5,13,36,87,0.64,0.1,0.39,0.08,54.5,1,0.29,14.1,290,65.9,4048,176,67.2,72.7,19,16,9,1,36,40,1.34,5,0.17,5,4,9,7,11,7,4,5,698,36,84,334,282,89,12,33.3,58.3,339,444,13,10,5,73,24,512,87,1,0,24,21,26,1,44,88,129,40.6,N/a,N/a,N/a,N/a,chris wood,Nottingham,€7.8M,73.1/73.1
christian eriksen,dkDEN,Manchester Utd,MF,33-083,21,1028,0,2,4,0,0.4,2.9,12,53,29,0,0.18,0.03,0.25,9.1,0.09,0,24.9,569,79.1,9538,305,80.7,47.6,27,53,11,4,53,51,4.46,7,0.61,19,9,26,15,14,4,10,7,811,24,163,388,264,15,3,0,100,450,761,12,13,1,11,5,541,29,4,0,8,3,0,78,59,2,6,25,N/a,N/a,N/a,N/a,christian eriksen,Man Utd,€4.2M,66.9/66.9
christian nørgaard,dkDEN,Brentford,MF,31-059,31,2549,5,3,6,1,3.9,1,12,133,37,0.18,0.11,0.14,0.04,34.3,0.42,0.14,14.3,1049,81.3,17392,523,85.1,58.6,17,128,24,4,133,49,1.73,10,0.35,75,45,71,27,51,19,32,45,1638,161,561,780,312,52,13,46.2,38.5,738,1204,12,12,4,31,18,974,37,6,1,41,28,1,15,179,44,29,60.3,N/a,N/a,N/a,N/a,christian nørgaard,Brentford,€14.4M,73.7/73.7
christopher nkunku,frFRA,Chelsea,FW,27-175,27,921,3,2,2,0,4.8,2.1,17,25,68,0.29,0.2,0.47,0.21,44,1.07,0.12,12.6,299,89.5,3928,185,92.2,100,14,26,7,0,25,34,3.32,4,0.39,12,8,8,2,9,2,7,7,448,10,52,183,217,52,27,37,51.9,280,628,17,16,13,18,17,356,68,2,0,16,11,3,4,29,16,22,42.1,N/a,N/a,N/a,N/a,christopher nkunku,Chelsea,€51.7M,79.1/81.0
cody gakpo,nlNED,Liverpool,FW,26-001,32,1717,9,3,5,0,6.5,3.5,51,52,253,0.47,0.16,0.34,0.18,41.2,1.1,0.18,15.2,439,75.8,6279,271,66.5,54.8,33,22,27,8,52,71,3.72,7,0.37,26,14,23,12,19,2,17,11,795,21,75,230,506,90,51,56.9,29.4,540,1974,51,32,20,38,20,606,253,5,0,17,25,5,68,66,15,24,38.5,N/a,N/a,N/a,N/a,cody gakpo,Liverpool,€67.5M,86.3/89.3
cole palmer,engENG,Chelsea,MF,23-002,34,2921,15,8,6,0,17,10,110,200,169,0.46,0.25,0.52,0.31,35.7,1.26,0.1,20.2,1044,76.9,19884,434,84.8,59.9,82,153,61,17,200,190,5.86,15,0.46,27,17,23,14,14,1,13,11,1694,20,140,759,817,133,107,46.7,38.3,1074,3497,110,67,39,63,34,1248,169,6,0,13,57,6,134,100,1,7,12.5,N/a,N/a,N/a,N/a,cole palmer,Chelsea,€115.4M,80.1/92.5
conor coady,engENG,Leicester City,DF,32-072,19,1444,0,0,2,0,0.1,0.1,3,30,0,0,0,0.01,0,100,0.06,0,9.2,829,90.9,14352,353,96.6,52.7,1,32,2,0,30,5,0.31,0,0,12,8,6,3,27,20,7,13,1036,199,569,450,18,6,2,50,50,676,1556,3,3,1,4,2,762,0,2,0,7,2,1,0,50,13,19,40.6,N/a,N/a,N/a,N/a,conor coady,Leicester,€2.2M,61.3/61.3
craig dawson,engENG,Wolves,DF,35-002,15,971,0,0,2,0,0.5,0,6,20,5,0,0,0.05,0,20,0.09,0,8.5,484,86.6,9745,149,93,60,2,22,1,0,20,7,0.65,2,0.19,15,3,15,3,16,11,5,9,671,130,396,249,28,14,5,20,40,390,938,6,1,0,2,0,443,5,2,0,6,5,2,0,35,21,11,65.6,N/a,N/a,N/a,N/a,craig dawson,Wolverhampton,€1.5M,64.4/64.4
cristian romero,arARG,Tottenham,DF,27-011,18,1416,1,0,3,0,1.6,0.6,12,71,3,0.06,0,0.1,0.04,50,0.51,0.06,9.1,1094,89.5,20402,370,94.7,63.5,7,109,8,1,71,20,1.27,4,0.25,35,29,30,9,18,3,15,21,1377,157,594,720,74,23,4,25,50,896,2893,12,18,0,10,5,936,3,3,0,14,12,2,3,90,41,27,60.3,N/a,N/a,N/a,N/a,cristian romero,Tottenham,€60.1M,72.6/74.8
curtis jones,engENG,Liverpool,"MF,DF",24-098,30,1528,3,3,3,1,4.1,1,24,95,71,0.18,0.18,0.24,0.06,38.7,0.71,0.1,16.9,911,93.3,13290,524,92.7,75,19,70,17,0,95,42,2.47,7,0.41,36,20,25,8,16,7,9,6,1145,32,187,615,349,52,19,57.9,36.8,702,1598,24,17,6,23,32,867,71,3,1,17,24,1,6,86,13,12,52,N/a,N/a,N/a,N/a,curtis jones,Liverpool,€61.7M,77.9/84.0
daichi kamada,jpJPN,Crystal Palace,MF,28-276,31,1424,0,0,4,1,1.1,1.8,24,80,54,0,0,0.07,0.11,20,0.25,0,20.3,541,79.8,8735,286,82.6,58.5,19,42,13,2,80,49,3.1,3,0.19,45,27,38,25,21,5,16,16,851,19,181,447,230,30,15,40,46.7,427,1025,24,19,5,15,18,544,54,4,1,27,19,2,29,72,3,13,18.8,N/a,N/a,N/a,N/a,daichi kamada,C. Palace,€14.6M,71.5/71.5
dan burn,engENG,Newcastle Utd,DF,32-364,34,3060,1,0,10,0,1.7,0.9,9,59,10,0.03,0,0.05,0.03,25,0.15,0.05,9.9,1630,88.9,29674,571,94.7,61.3,8,39,7,0,59,21,0.62,3,0.09,34,19,32,15,32,23,9,25,2184,344,1220,861,109,49,4,75,25,1246,2498,9,5,1,23,3,1470,10,10,0,30,11,5,3,95,134,65,67.3,N/a,N/a,N/a,N/a,dan burn,Newcastle Utd.,€9.1M,77.0/77.0
dango ouattara,bfBFA,Bournemouth,FW,23-086,32,2005,7,4,3,0,8.4,5.5,79,43,191,0.31,0.18,0.38,0.25,32.3,0.9,0.11,13.5,367,60,5725,210,62.2,37.3,35,21,26,11,43,72,3.23,6,0.27,35,26,41,24,36,10,26,11,959,62,165,316,497,128,82,47.6,41.5,492,1777,79,35,38,63,32,577,191,3,0,16,19,14,88,92,45,63,41.7,N/a,N/a,N/a,N/a,dango ouattara,B'mouth,€28.5M,72.9/80.4
daniel muñoz,coCOL,Crystal Palace,DF,28-347,34,2958,4,4,10,0,4.7,4.5,54,89,191,0.12,0.12,0.14,0.14,39.4,0.4,0.12,12.3,1052,75.6,16013,594,77.1,44,41,53,33,14,89,78,2.37,9,0.27,113,74,89,37,36,4,32,40,1871,111,524,768,598,95,54,38.9,57.4,730,1604,54,35,15,50,18,883,191,10,0,49,19,13,68,155,58,75,43.6,N/a,N/a,N/a,N/a,daniel muñoz,C. Palace,€30.9M,77.5/77.5
danny welbeck,engENG,Brighton,FW,34-163,28,1942,9,4,5,0,8.1,1.2,19,42,83,0.42,0.19,0.38,0.06,37.7,0.93,0.17,15.2,368,84.2,4306,245,87,100,19,17,13,0,42,44,2.04,6,0.28,23,14,18,11,17,2,15,5,648,15,50,277,326,90,36,33.3,58.3,395,777,19,20,7,45,25,483,83,5,0,11,22,4,3,40,15,29,34.1,N/a,N/a,N/a,N/a,danny welbeck,Brighton,€6M,72.1/72.1
dara o'shea,ieIRL,Ipswich Town,DF,26-065,32,2852,0,2,6,0,1.2,0.5,3,71,8,0,0.06,0.04,0.02,10,0.06,0,13.6,1112,77.7,22113,357,84.8,50,3,83,3,1,71,22,0.69,4,0.13,47,30,31,11,59,47,12,31,1841,361,1065,663,118,48,2,50,50,805,1751,3,2,0,11,4,1048,8,6,0,18,22,3,7,101,103,79,56.6,N/a,N/a,N/a,N/a,dara o'shea,Ipswich Town,€19.5M,64.8/69.8
darwin núñez,uyURU,Liverpool,FW,25-318,27,1051,5,2,8,0,5.3,1.2,22,27,69,0.43,0.17,0.45,0.11,36.4,1.03,0.15,14.3,151,70.6,2248,82,73,66.7,9,9,2,0,27,27,2.31,4,0.34,19,16,16,10,6,0,6,3,340,10,44,113,193,66,21,38.1,57.1,184,529,22,17,12,21,19,228,69,8,0,27,14,11,2,39,17,30,36.2,N/a,N/a,N/a,N/a,darwin núñez,Liverpool,€60.9M,80.5/84.1
david raya,esESP,Arsenal,GK,29-235,35,3150,0,0,2,0,0,0,0,13,0,0,0,0,0,N/a,0,N/a,N/a,979,74.6,23137,274,98.3,38.2,0,41,2,0,13,4,0.11,1,0.03,0,0,2,2,0,0,0,2,1367,802,1284,83,0,0,1,100,0,856,2563,0,0,0,1,0,789,0,2,0,1,9,0,0,38,10,0,100,0.89,74.1,34.3,0,david raya,Arsenal,€28.9M,86.5/86.5
dean henderson,engENG,Crystal Palace,GK,28-057,35,3150,0,0,3,0,0,0.1,0,0,0,0,0,0,0,0,0,0,14.9,682,61.4,18786,163,99.4,31,2,21,1,0,0,3,0.09,0,0,2,1,6,4,0,0,0,0,1200,974,1195,4,1,1,0,N/a,N/a,689,1950,0,0,0,2,0,523,0,3,0,0,1,0,0,25,11,1,91.7,1.37,67.1,28.6,50,dean henderson,C. Palace,€22.7M,78.0/78.0
dean huijsen,esESP,Bournemouth,DF,20-024,29,2234,3,1,8,0,1.9,2,36,116,10,0.12,0.04,0.08,0.08,16.7,0.12,0.17,11.9,1204,83.4,24235,389,91.6,59.3,14,146,7,2,116,40,1.61,3,0.12,33,23,25,10,36,28,8,49,1803,238,820,861,131,30,5,40,60,992,3937,36,26,0,18,1,1117,10,8,0,29,10,2,12,96,64,41,61,N/a,N/a,N/a,N/a,dean huijsen,B'mouth,€55M,65.2/82.3
declan rice,engENG,Arsenal,MF,26-114,33,2645,3,7,7,1,3.3,6.5,88,180,92,0.1,0.24,0.11,0.22,25,0.37,0.07,19.3,1304,83.5,22238,641,90.5,48.9,56,126,35,5,180,106,3.61,10,0.34,52,24,37,21,24,11,13,25,1839,71,302,863,693,77,28,46.4,50,977,3274,88,54,16,36,29,1204,92,7,1,20,16,2,157,143,31,24,56.4,N/a,N/a,N/a,N/a,declan rice,Arsenal,€107.8M,83.7/86.6
dejan kulusevski,seSWE,Tottenham,"MF,FW",25-013,31,2371,7,4,3,0,4.2,6.2,120,123,210,0.27,0.15,0.16,0.24,37,0.65,0.15,14.8,656,73.6,9184,393,78,40.5,65,62,52,6,123,127,4.82,9,0.34,45,23,51,32,34,5,29,13,1272,24,149,430,717,157,117,32.5,60.7,821,3206,120,67,40,77,73,894,210,3,0,47,38,5,89,119,10,15,40,N/a,N/a,N/a,N/a,dejan kulusevski,Tottenham,€60.5M,86.7/91.7
destiny udogie,itITA,Tottenham,DF,22-161,24,1834,0,1,2,0,0.3,1.5,54,120,93,0,0.05,0.01,0.07,20,0.05,0,15.1,947,87.4,13710,533,90.4,80,16,88,6,1,120,35,1.72,3,0.15,74,47,47,14,40,6,34,21,1336,60,377,591,383,49,32,40.6,50,735,2290,54,39,12,32,19,796,93,2,0,29,38,2,19,109,13,13,50,N/a,N/a,N/a,N/a,destiny udogie,Tottenham,€59.4M,78.5/90.3
diogo dalot,ptPOR,Manchester Utd,DF,26-051,32,2788,0,3,5,0,2,2,62,102,164,0,0.1,0.06,0.07,21.7,0.16,0,15.6,1336,80.5,21497,691,81.9,55.4,26,61,25,8,102,74,2.39,5,0.16,67,39,52,18,22,9,13,37,1965,113,658,767,557,66,53,50.9,41.5,1111,2684,62,37,16,37,21,1186,164,5,0,40,9,4,65,164,38,21,64.4,N/a,N/a,N/a,N/a,diogo dalot,Man Utd,€37.4M,73.1/77.0
diogo jota,ptPOR,Liverpool,FW,28-155,24,1154,6,3,2,0,7.5,1.8,36,33,86,0.47,0.23,0.59,0.14,27.1,1.01,0.13,12.3,205,69.7,3120,109,75,61.9,11,29,3,1,33,35,2.73,9,0.7,14,8,19,12,9,0,9,7,459,5,30,190,246,93,32,34.4,59.4,251,754,36,21,20,37,22,317,86,2,0,22,14,1,8,40,22,30,42.3,N/a,N/a,N/a,N/a,diogo jota,Liverpool,€58.6M,83.2/83.6
djed spence,engENG,Tottenham,DF,24-272,22,1604,1,2,4,1,0.6,1.8,56,100,70,0.06,0.11,0.03,0.1,30,0.17,0.1,23.9,923,85.5,13205,539,85.8,51.7,11,74,18,8,100,28,1.57,5,0.28,40,30,27,7,24,9,15,18,1316,72,448,600,288,25,69,49.3,40.6,741,2372,56,41,7,26,31,812,70,4,1,20,23,2,25,101,20,13,60.6,N/a,N/a,N/a,N/a,djed spence,Tottenham,€19.8M,72.5/76.5
dominic calvert-lewin,engENG,Everton,FW,28-053,23,1588,3,1,2,0,6.2,0.6,22,19,107,0.17,0.06,0.35,0.04,36.2,0.96,0.06,12.3,177,62.8,2075,128,59,37.5,7,19,5,1,19,25,1.42,4,0.23,9,7,6,4,6,2,4,6,499,22,39,208,257,83,25,40,52,272,444,22,8,16,73,33,407,107,2,0,27,23,27,6,32,84,80,51.2,N/a,N/a,N/a,N/a,dominic calvert-lewin,Everton,€17.8M,67.6/68.8
dominic solanke,engENG,Tottenham,FW,27-236,25,2119,8,3,0,0,10.1,2.9,29,45,88,0.34,0.13,0.43,0.13,40.7,1.02,0.14,12.1,250,71,3344,153,77.1,66.7,14,27,9,0,45,37,1.57,8,0.34,18,11,14,10,18,7,11,0,636,31,68,290,284,111,50,32,62,374,803,29,21,14,67,47,448,88,0,0,36,36,5,4,37,44,59,42.7,N/a,N/a,N/a,N/a,dominic solanke,Tottenham,€52.1M,79.5/80.2
dominik szoboszlai,huHUN,Liverpool,MF,24-195,33,2279,5,5,6,0,7.1,6.2,65,118,120,0.2,0.2,0.28,0.24,32.3,0.79,0.08,18.5,1029,84.6,15917,562,88.3,72.2,51,80,31,5,118,108,4.27,14,0.55,31,20,39,24,36,4,32,9,1450,24,188,704,576,96,35,54.3,37.1,740,2119,65,46,17,34,22,991,120,6,0,37,23,4,34,122,18,22,45,N/a,N/a,N/a,N/a,dominik szoboszlai,Liverpool,€71.4M,86.9/93.8
dwight mcneil,engENG,Everton,"MF,FW",25-167,18,1262,4,4,1,0,1.1,3.8,35,63,74,0.29,0.29,0.08,0.27,40,0.71,0.16,21.9,420,73.7,7795,195,81.8,52.3,33,38,33,10,63,63,4.49,7,0.5,11,6,19,11,7,0,7,5,688,4,67,298,339,24,40,52.5,45,406,1041,35,30,5,24,29,468,74,1,0,6,14,1,97,71,3,15,16.7,N/a,N/a,N/a,N/a,dwight mcneil,Everton,€27M,70.8/75.4
eberechi eze,engENG,Crystal Palace,"MF,FW",26-313,31,2427,5,8,1,0,9.1,5.2,67,89,143,0.19,0.3,0.34,0.19,25.3,0.89,0.04,21.6,735,74.5,12395,361,83.5,44.9,54,47,35,4,89,125,4.64,9,0.33,37,22,35,18,27,0,27,11,1336,15,177,628,564,89,130,49.2,44.6,794,2262,67,45,21,53,44,862,143,1,0,11,49,9,103,133,7,37,15.9,N/a,N/a,N/a,N/a,eberechi eze,C. Palace,€62.2M,74.9/75.8
ederson,brBRA,Manchester City,GK,31-264,23,2050,0,4,3,0,0,1.5,0,1,0,0,0.18,0,0.07,N/a,0,N/a,N/a,730,88.2,17943,129,98.4,66.3,4,20,1,0,1,6,0.26,4,0.18,0,0,2,2,0,0,0,1,875,619,866,9,0,0,0,N/a,N/a,590,1732,0,0,0,1,0,560,0,3,0,1,0,0,0,38,4,1,80,1.1,68.5,34.8,0,ederson,Man City,€19.1M,80.2/80.2
edson álvarez,mxMEX,West Ham,MF,27-196,25,1633,0,1,8,1,0.3,0.8,21,75,18,0,0.06,0.02,0.04,9.1,0.06,0,26.7,763,85.7,12894,372,89.7,73.5,11,80,11,3,75,25,1.38,2,0.11,44,23,33,18,21,8,13,16,1101,61,323,612,174,12,31,45.2,38.7,603,1528,21,20,2,25,13,734,18,8,1,37,18,4,6,78,28,20,58.3,N/a,N/a,N/a,N/a,edson álvarez,West Ham United,€36.5M,70.8/71.7
elliot anderson,engENG,Nott'ham Forest,MF,22-183,34,2467,2,6,7,0,1.9,3.1,46,128,87,0.07,0.22,0.07,0.11,18.9,0.26,0.05,19.4,949,77.6,15198,500,80.3,45.7,34,105,19,2,128,78,2.85,10,0.36,84,52,100,57,44,9,35,30,1630,95,388,775,496,62,73,49.3,39.7,820,2094,46,31,19,56,41,956,87,7,0,43,55,4,78,197,47,23,67.1,N/a,N/a,N/a,N/a,elliot anderson,Nottingham,€46.5M,79.6/89.8
emerson palmieri,itITA,West Ham,DF,30-278,30,2105,2,1,5,0,2,1.5,47,66,83,0.09,0.04,0.08,0.06,43.8,0.3,0.13,19,859,79.9,12521,513,81.3,42.2,16,51,13,5,66,41,1.75,2,0.09,60,31,48,21,32,8,24,21,1323,82,422,557,359,28,30,33.3,56.7,553,1736,47,25,9,24,7,745,83,5,0,25,13,0,64,84,18,20,47.4,N/a,N/a,N/a,N/a,emerson palmieri,West Ham United,€12.6M,67.0/67.0
emile smith rowe,engENG,Fulham,MF,24-284,31,1886,6,2,2,0,4.4,1.1,50,120,115,0.29,0.1,0.21,0.05,28.6,0.48,0.17,15.6,844,90.1,12107,489,95.4,70.4,18,76,15,1,120,65,3.1,11,0.52,31,18,24,16,20,2,18,11,1128,20,155,534,449,55,33,48.5,45.5,734,1838,50,38,11,35,13,867,115,2,0,18,12,4,13,69,6,17,26.1,N/a,N/a,N/a,N/a,emile smith rowe,Fulham,€40.8M,75.7/80.3
emiliano martínez,arARG,Aston Villa,GK,32-248,34,2970,0,0,4,0,0,0.5,0,4,0,0,0,0,0.02,N/a,0,N/a,N/a,1018,79.1,26608,180,98.2,50.1,2,24,0,0,4,6,0.18,1,0.03,3,3,2,0,1,0,1,0,1348,1015,1329,19,0,0,1,100,0,820,2626,0,0,0,1,0,738,0,4,0,1,5,0,0,29,8,1,88.9,1.36,66.7,17.6,50,emiliano martínez,Aston Villa,€17.5M,74.2/74.2
emmanuel agbadou,ciCIV,Wolves,DF,27-325,13,1140,0,0,2,0,0.3,0.2,3,22,1,0,0,0.02,0.02,16.7,0.08,0,31.8,663,85,13505,210,92.7,61,4,26,1,0,22,15,1.18,2,0.16,27,18,17,6,16,12,4,9,924,155,527,381,22,5,10,70,20,572,1230,3,3,0,3,3,615,1,2,0,5,4,1,1,66,22,16,57.9,N/a,N/a,N/a,N/a,emmanuel agbadou,Wolverhampton,€18M,68.7/68.7
enzo fernández,arARG,Chelsea,MF,24-111,33,2677,6,7,7,0,6,6.5,57,199,116,0.2,0.24,0.2,0.22,37.3,0.64,0.12,18.2,1429,80,25393,653,85,58,73,156,39,7,199,141,4.74,16,0.54,63,32,83,52,36,7,29,13,2070,36,327,1049,708,76,46,45.7,39.1,1135,2574,57,53,8,27,27,1520,116,7,0,47,48,1,105,147,14,28,33.3,N/a,N/a,N/a,N/a,enzo fernández,Chelsea,€73.7M,75.1/82.7
erling haaland,noNOR,Manchester City,FW,24-291,28,2480,21,3,2,0,20.8,2.8,19,18,103,0.76,0.11,0.76,0.1,54.5,1.96,0.19,12.2,225,66,2706,156,66.7,66.7,26,9,7,1,18,62,2.25,9,0.33,9,5,6,4,11,1,10,5,578,22,39,200,344,170,32,34.4,59.4,272,478,19,14,19,39,25,427,103,2,0,22,12,4,3,29,49,45,52.1,N/a,N/a,N/a,N/a,erling haaland,Man City,€198.8M,92.8/100.0
ethan pinnock,jmJAM,Brentford,DF,31-344,22,1913,2,0,2,0,1.1,1.2,3,41,9,0.09,0,0.05,0.05,60,0.28,0.2,11.1,924,85.6,17045,360,89.4,57.9,8,48,4,1,41,21,0.99,0,0,35,19,24,11,29,18,11,24,1348,294,783,457,109,24,9,33.3,66.7,633,1633,3,4,0,2,4,760,9,2,0,8,4,0,9,50,63,43,59.4,N/a,N/a,N/a,N/a,ethan pinnock,Brentford,€7.6M,70.5/70.5
evanilson,brBRA,Bournemouth,FW,25-214,28,2058,10,1,1,1,11.6,1.6,28,24,88,0.44,0.04,0.51,0.07,43.9,1.27,0.15,13,215,70,2631,137,73,66.7,23,14,3,0,24,56,2.45,8,0.35,16,10,12,4,10,2,8,0,505,23,50,195,263,116,19,31.6,36.8,300,820,28,17,14,31,22,358,88,1,1,33,45,17,0,59,39,58,40.2,N/a,N/a,N/a,N/a,evanilson,B'mouth,€26.9M,73.4/77.4
ezri konsa,engENG,Aston Villa,DF,27-197,31,2666,1,0,0,0,0.9,0.4,17,77,11,0.03,0,0.03,0.01,33.3,0.1,0.11,9.1,1425,92.8,23907,621,95.7,65.5,5,95,1,0,77,23,0.78,3,0.1,32,17,22,4,18,10,8,21,1756,224,826,839,100,20,18,44.4,38.9,1021,2561,17,12,2,17,10,1223,11,0,0,6,42,0,5,89,31,22,58.5,N/a,N/a,N/a,N/a,ezri konsa,Aston Villa,€42.7M,75.9/76.1
fabian schär,chSUI,Newcastle Utd,DF,33-139,31,2664,4,0,7,1,2.4,0.4,14,102,18,0.14,0,0.08,0.01,32.3,0.34,0.13,21.2,1518,83.8,30536,525,92.7,52.3,5,145,10,0,102,32,1.08,4,0.14,34,21,34,20,37,24,13,41,2111,239,1089,900,133,33,12,66.7,16.7,1331,3403,14,23,2,11,6,1474,18,7,1,32,12,4,10,125,46,61,43,N/a,N/a,N/a,N/a,fabian schär,Newcastle Utd.,€11M,70.9/70.9
facundo buonanotte,arARG,Leicester City,"FW,MF",20-136,29,1474,4,2,7,0,3.8,3.1,38,52,69,0.24,0.12,0.23,0.19,29.4,0.61,0.12,17.8,430,76.6,6782,234,81.9,48.6,24,40,13,2,52,50,3.05,4,0.24,53,32,67,46,32,6,26,11,850,26,127,436,300,36,79,32.9,62,465,1321,38,26,8,53,39,515,69,7,0,35,33,3,41,77,17,35,32.7,N/a,N/a,N/a,N/a,facundo buonanotte,Leicester,€30.7M,66.8/84.2
flynn downes,engENG,Southampton,MF,26-108,24,1881,1,0,10,0,0.6,1.1,25,63,28,0.05,0,0.03,0.05,30,0.14,0.1,18.7,890,90.1,13048,508,92.1,68.8,15,54,12,0,63,30,1.44,2,0.1,44,24,32,18,24,6,18,30,1184,77,351,632,210,21,15,33.3,46.7,567,1610,25,21,4,13,17,840,28,10,0,46,35,0,3,75,14,13,51.9,N/a,N/a,N/a,N/a,flynn downes,Southampton,€9.2M,64.6/68.0
gabriel magalhães,brBRA,Arsenal,DF,27-140,28,2363,3,1,4,0,2.6,0.9,10,126,11,0.11,0.04,0.1,0.03,22.7,0.19,0.14,9.5,1480,90.2,25788,598,94.2,53.9,13,145,8,0,126,35,1.33,6,0.23,25,15,16,4,42,29,13,16,1873,189,672,985,225,40,5,80,20,1116,2669,10,22,0,9,2,1366,11,4,0,19,19,0,9,63,53,37,58.9,N/a,N/a,N/a,N/a,gabriel magalhães,Arsenal,€75.5M,84.8/86.5
gabriel martinelli,brBRA,Arsenal,"FW,MF",23-324,30,2041,7,4,1,0,5.9,4.7,112,47,267,0.31,0.18,0.26,0.21,42.6,0.88,0.15,13.3,446,71,6480,283,69.8,49,37,11,32,13,47,66,2.91,6,0.26,20,15,23,16,10,0,10,4,889,15,87,229,586,168,106,30.2,54.7,597,2355,112,30,59,49,33,678,267,1,0,14,20,8,83,72,15,30,33.3,N/a,N/a,N/a,N/a,gabriel martinelli,Arsenal,€62.6M,87.7/96.4
georginio rutter,frFRA,Brighton,"MF,FW",23-018,28,1656,5,3,2,0,4.6,2.5,42,67,79,0.27,0.16,0.25,0.14,24,0.65,0.1,15.5,237,66.8,3344,144,66.7,62.5,19,30,16,1,67,64,3.47,8,0.43,39,15,36,22,20,3,17,10,641,20,83,246,326,79,71,38,47.9,361,1405,42,36,16,45,37,411,79,2,0,34,45,7,9,66,25,46,35.2,N/a,N/a,N/a,N/a,georginio rutter,Brighton,€41.3M,72.1/79.0
guglielmo vicario,itITA,Tottenham,GK,28-213,23,2070,0,0,1,0,0,0,0,1,0,0,0,0,0,N/a,0,N/a,N/a,737,87.6,14516,228,97,49.1,0,1,0,0,1,4,0.17,0,0,0,0,0,0,0,0,0,1,892,599,874,18,0,0,1,100,0,636,1635,0,0,0,0,0,577,0,1,0,0,2,0,0,32,9,0,100,1.43,64.9,17.4,N/a,guglielmo vicario,Tottenham,€41.6M,72.3/72.3
guido rodríguez,arARG,West Ham,MF,31-026,20,1018,0,0,5,0,0.2,0.1,2,31,5,0,0,0.02,0.01,12.5,0.09,0,27.8,419,84.1,7149,201,91.4,62.7,3,36,1,0,31,10,0.88,0,0,30,16,30,16,21,9,12,12,617,42,196,366,56,2,3,66.7,0,284,392,2,5,0,2,6,354,5,5,0,15,11,1,4,46,8,7,53.3,N/a,N/a,N/a,N/a,guido rodríguez,West Ham United,€13.6M,71.6/71.6
harry maguire,engENG,Manchester Utd,DF,32-064,24,1539,1,0,7,0,1.4,0.3,6,43,7,0.06,0,0.08,0.01,41.7,0.29,0.08,7.9,833,85.9,15479,312,90.6,57.1,6,43,3,0,43,17,0.99,0,0,26,13,18,5,14,12,2,37,1147,137,572,525,65,38,5,40,60,677,1673,6,7,3,7,2,739,7,7,0,17,9,1,3,57,52,22,70.3,N/a,N/a,N/a,N/a,harry maguire,Man Utd,€13.7M,67.6/68.2
harry wilson,wlsWAL,Fulham,"FW,MF",28-047,22,1003,5,1,2,0,3.7,1.1,17,48,83,0.45,0.09,0.33,0.1,34.4,0.99,0.16,17.3,297,73.9,4995,152,78.5,42.9,19,25,13,1,48,37,3.32,3,0.27,14,9,15,6,13,1,12,5,516,9,67,185,273,48,24,37.5,41.7,299,693,17,18,8,14,5,342,83,2,0,10,20,1,38,50,4,18,18.2,N/a,N/a,N/a,N/a,harry wilson,Fulham,€14.5M,76.0/76.0
harry winks,engENG,Leicester City,MF,29-095,22,1538,0,2,4,0,0.2,1.2,19,101,11,0,0.12,0.01,0.07,40,0.23,0,29.2,910,87.1,14101,471,91.2,57.9,17,110,7,5,101,39,2.28,3,0.18,24,11,30,17,19,7,12,9,1158,49,275,746,151,1,12,25,66.7,696,1522,19,13,0,13,8,827,11,4,0,9,13,0,34,106,8,6,57.1,N/a,N/a,N/a,N/a,harry winks,Leicester,€11.4M,68.2/68.4
harvey barnes,engENG,Newcastle Utd,FW,27-150,30,1503,9,4,0,0,6.6,3.9,80,72,172,0.54,0.24,0.39,0.23,32.7,1.08,0.16,15,420,78.8,5863,267,73.5,63.2,23,22,36,8,72,57,3.4,9,0.54,16,9,10,7,7,1,6,6,709,15,84,232,398,109,58,37.9,50,498,2160,80,41,44,26,20,567,172,0,0,11,20,5,41,49,5,14,26.3,N/a,N/a,N/a,N/a,harvey barnes,Newcastle Utd.,€41.5M,78.2/78.6
ian maatsen,nlNED,Aston Villa,DF,23-059,26,957,1,2,2,0,0.8,2.7,27,40,91,0.09,0.19,0.07,0.25,29.4,0.47,0.06,22.3,530,81.8,8558,258,86.5,54.3,18,20,15,3,40,49,4.6,7,0.66,27,15,22,6,11,0,11,15,797,47,216,294,297,41,23,47.8,52.2,429,1037,27,15,11,20,21,486,91,2,0,9,9,3,48,61,8,6,57.1,N/a,N/a,N/a,N/a,ian maatsen,Aston Villa,€40.6M,76.1/84.5
ibrahima konaté,frFRA,Liverpool,DF,25-348,28,2320,1,2,5,0,1.7,1,21,103,3,0.04,0.08,0.07,0.04,16.7,0.12,0.06,10.5,1581,90.3,29259,547,95.1,55.7,10,125,8,0,103,30,1.16,7,0.27,36,25,34,10,27,15,12,12,2005,211,854,1047,110,22,4,50,25,1184,3160,21,13,0,8,2,1454,3,5,0,26,18,0,0,86,72,28,72,N/a,N/a,N/a,N/a,ibrahima konaté,Liverpool,€57.2M,81.4/85.4
iliman ndiaye,snSEN,Everton,FW,25-063,30,2252,7,0,3,0,5.2,1.6,81,50,115,0.28,0,0.21,0.06,40.6,0.52,0.16,17.4,543,80.8,8134,317,86.1,68,17,35,14,5,50,59,2.36,5,0.2,48,25,45,26,27,5,22,17,1000,34,202,411,435,77,137,46,46.7,575,2221,81,41,30,49,43,612,115,3,0,24,47,5,38,163,6,19,24,N/a,N/a,N/a,N/a,iliman ndiaye,Everton,€25.7M,68.5/72.9
illia zabarnyi,uaUKR,Bournemouth,DF,22-249,33,2842,0,0,3,1,1.1,0.6,25,128,4,0,0,0.03,0.02,0,0,0,9.8,1262,81.6,26615,341,90.8,52.8,11,134,6,0,128,28,0.89,0,0,46,32,44,14,33,20,13,38,1869,218,860,961,69,13,8,62.5,25,1158,4451,25,20,0,14,3,1168,4,3,1,18,6,0,5,143,72,40,64.3,N/a,N/a,N/a,N/a,illia zabarnyi,B'mouth,€58.8M,75.3/88.1
issa diop,frFRA,Fulham,DF,28-119,21,1339,0,0,2,0,0.5,0.1,6,25,3,0,0,0.04,0.01,40,0.13,0,10.7,663,87.5,12350,233,92.9,52.9,3,43,1,0,25,6,0.4,0,0,26,12,18,5,10,7,3,9,903,125,498,381,26,13,2,50,50,533,1216,6,2,0,9,2,617,3,2,0,10,4,0,1,45,20,12,62.5,N/a,N/a,N/a,N/a,issa diop,Fulham,€17.9M,70.8/71.5
jack clarke,engENG,Ipswich Town,"FW,MF",24-166,29,1056,0,4,2,0,1,2,32,35,47,0,0.34,0.08,0.17,14.3,0.17,0,19.4,266,76.4,4343,138,86,48.3,23,25,6,0,35,40,3.41,5,0.43,28,17,32,16,6,0,6,7,486,22,115,198,187,32,42,52.4,33.3,272,1015,32,18,9,20,18,293,47,2,0,15,21,3,13,67,7,14,33.3,N/a,N/a,N/a,N/a,jack clarke,Ipswich Town,€19.4M,62.8/67.8
jack harrison,engENG,Everton,FW,28-169,31,1900,1,0,0,0,3.3,3.7,64,45,116,0.05,0,0.16,0.17,22.2,0.28,0.04,16.3,379,63.1,6064,216,68.1,34.3,32,26,25,11,45,53,2.51,4,0.19,30,21,40,26,18,2,16,9,871,31,144,305,429,62,72,31.9,56.9,479,1491,64,34,14,50,37,562,116,0,0,13,26,4,118,65,4,26,13.3,N/a,N/a,N/a,N/a,jack harrison,Everton,€17.7M,72.0/72.0
jack hinshelwood,engENG,Brighton,"DF,MF",20-027,23,1744,2,2,5,0,1.5,1.3,18,63,47,0.1,0.1,0.08,0.07,42.9,0.31,0.14,14.3,828,83.4,12560,487,84.1,52.9,15,33,9,2,63,33,1.7,3,0.15,26,18,27,16,8,3,5,15,1137,50,316,528,299,27,11,18.2,72.7,565,1142,18,20,2,16,3,714,47,5,0,16,7,0,26,58,19,15,55.9,N/a,N/a,N/a,N/a,jack hinshelwood,Brighton,€9.2M,68.5/84.7
jack stephens,engENG,Southampton,DF,31-101,17,1209,1,0,2,2,0.6,0.2,13,53,2,0.07,0,0.04,0.01,50,0.15,0.25,11,786,92,13687,313,94.5,83,3,47,5,0,53,13,0.97,0,0,32,19,27,12,15,10,5,11,976,109,403,482,95,11,4,0,100,552,1209,13,12,1,3,3,690,2,2,2,12,4,1,1,41,6,8,42.9,N/a,N/a,N/a,N/a,jack stephens,Southampton,€1.4M,60.6/61.0
jacob greaves,engENG,Ipswich Town,DF,24-238,22,1935,1,0,5,0,1.2,0,7,53,8,0.05,0,0.06,0,50,0.19,0.13,8.3,827,86.2,13641,390,89.5,41.9,2,63,1,0,53,13,0.6,0,0,36,19,33,12,36,24,12,18,1202,253,649,482,75,17,3,66.7,33.3,538,969,7,9,0,8,2,739,8,5,0,12,19,1,1,48,65,38,63.1,N/a,N/a,N/a,N/a,jacob greaves,Ipswich Town,€25.1M,65.2/73.1
jacob murphy,engENG,Newcastle Utd,FW,30-073,32,2139,8,11,3,0,5.7,8.1,70,67,216,0.34,0.46,0.24,0.34,35.7,0.63,0.19,18.2,611,68.3,9226,367,67.5,42.4,38,49,35,14,67,73,3.07,14,0.59,22,15,31,15,31,0,31,11,1140,21,162,421,568,88,64,48.4,46.9,665,2081,70,31,25,30,34,824,216,3,0,11,14,3,110,92,4,15,21.1,N/a,N/a,N/a,N/a,jacob murphy,Newcastle Utd.,€17.9M,77.2/77.2
jacob ramsey,engENG,Aston Villa,"FW,MF",23-345,27,1516,1,3,2,0,1.5,2.3,57,67,105,0.06,0.18,0.09,0.13,22.2,0.24,0.06,16.7,479,85.4,6395,325,84.9,75,20,31,21,1,67,51,3.03,8,0.47,30,15,20,10,21,3,18,7,726,12,136,259,344,67,42,57.1,23.8,474,1631,57,31,19,39,21,552,105,2,0,12,25,5,10,77,6,10,37.5,N/a,N/a,N/a,N/a,jacob ramsey,Aston Villa,€45.8M,78.8/85.9
jadon sancho,engENG,Chelsea,FW,25-044,29,1687,3,4,2,0,2.2,3.6,98,87,218,0.16,0.21,0.12,0.19,33.3,0.43,0.13,15.1,631,82.5,8571,391,84.2,51.9,36,26,47,0,87,67,3.57,10,0.53,10,6,12,7,9,0,9,2,926,11,115,269,552,119,95,47.4,40,626,2374,98,33,56,29,21,726,218,2,0,6,11,6,23,97,5,10,33.3,N/a,N/a,N/a,N/a,jadon sancho,Chelsea,€37.7M,78.9/85.6
jake o'brien,ieIRL,Everton,DF,23-358,18,1391,2,0,5,0,0.7,0.6,7,43,24,0.13,0,0.05,0.04,60,0.19,0.4,11.5,509,78.3,9400,220,80.1,64,6,41,8,5,43,16,1.04,0,0,24,16,24,8,16,4,12,4,805,69,321,352,135,18,10,40,50,356,743,7,6,2,5,5,428,24,5,0,13,4,3,18,51,33,27,55,N/a,N/a,N/a,N/a,jake o'brien,Everton,€19.7M,65.4/69.0
james garner,engENG,Everton,"MF,DF",24-056,18,1324,0,1,3,0,0.3,1.3,12,46,22,0,0.07,0.02,0.09,28.6,0.14,0,24.1,504,75,8821,219,83.5,46.5,12,50,6,3,46,33,2.24,5,0.34,41,27,35,16,15,3,12,17,819,36,196,417,213,9,16,37.5,62.5,399,684,12,15,1,12,7,451,22,3,0,18,14,0,52,64,10,8,55.6,N/a,N/a,N/a,N/a,james garner,Everton,€23.2M,74.9/80.4
james justin,engENG,Leicester City,DF,27-074,33,2669,2,1,5,0,1.5,0.6,39,87,92,0.07,0.03,0.05,0.02,25,0.2,0.08,16,1093,77.8,16878,567,84.3,34.9,13,74,21,7,87,31,1.05,1,0.03,49,29,51,23,41,14,27,44,1775,134,616,804,365,37,30,30,43.3,797,1672,39,25,4,31,13,989,92,5,0,23,37,2,53,79,61,48,56,N/a,N/a,N/a,N/a,james justin,Leicester,€17M,67.9/70.6
james maddison,engENG,Tottenham,MF,28-166,31,1809,9,7,6,0,5.8,4.2,45,164,95,0.45,0.35,0.29,0.21,43.6,0.85,0.23,16.7,1021,81.3,16664,481,86.2,46.3,41,123,32,5,164,95,4.73,18,0.9,31,19,29,20,15,4,11,12,1464,26,210,691,576,77,77,42.9,44.2,1026,2279,45,39,20,23,25,1125,95,6,0,32,64,4,98,76,5,7,41.7,N/a,N/a,N/a,N/a,james maddison,Tottenham,€58.1M,81.2/81.2
james tarkowski,engENG,Everton,DF,32-170,33,2922,1,1,6,0,1.3,2.9,9,75,3,0.03,0.03,0.04,0.09,26.7,0.12,0.07,8.4,1045,81,22119,337,91.9,62.7,16,83,11,0,75,38,1.17,4,0.12,64,40,39,15,57,42,15,41,1706,355,974,635,106,57,7,71.4,28.6,727,1943,9,10,0,13,7,927,3,6,0,35,28,2,1,98,102,33,75.6,N/a,N/a,N/a,N/a,james tarkowski,Everton,€11.8M,74.9/74.9
jamie vardy,engENG,Leicester City,FW,38-117,33,2655,8,3,5,0,10.7,2.9,27,20,110,0.27,0.1,0.36,0.1,42.3,0.75,0.13,12.4,243,66.8,3497,134,77.7,68.4,18,10,9,1,20,44,1.49,9,0.3,18,13,13,9,8,4,4,5,555,29,57,255,248,105,21,42.9,47.6,264,645,27,11,14,34,12,356,110,5,0,22,21,25,11,35,49,51,49,N/a,N/a,N/a,N/a,jamie vardy,Leicester,€1M,67.3/69.5
jan bednarek,plPOL,Southampton,DF,29-026,29,2441,2,0,7,0,0.7,0.5,5,59,2,0.07,0,0.02,0.02,40,0.07,0.4,16,1547,92.7,27450,586,94.7,76.5,5,72,1,0,59,16,0.59,0,0,35,18,30,15,44,33,11,54,2011,365,1060,917,41,15,3,100,0,1035,1731,5,5,1,9,3,1294,2,7,0,31,12,0,1,106,68,36,65.4,N/a,N/a,N/a,N/a,jan bednarek,Southampton,€12.9M,63.8/64.6
jan paul van hecke,nlNED,Brighton,DF,24-334,31,2688,1,1,8,1,1.3,1.5,53,216,5,0.03,0.03,0.04,0.05,31.3,0.17,0.06,14.1,1839,87.9,36200,639,93,65.4,13,207,16,4,216,48,1.61,3,0.1,40,26,38,18,32,19,13,23,2373,250,1006,1233,154,30,11,45.5,36.4,1572,6740,53,42,0,12,7,1665,5,8,1,23,23,0,11,120,78,48,61.9,N/a,N/a,N/a,N/a,jan paul van hecke,Brighton,€42.4M,72.3/78.6
jannik vestergaard,dkDEN,Leicester City,DF,32-278,18,1391,0,0,5,0,0.1,0.1,3,32,2,0,0,0.01,0.01,66.7,0.13,0,9.7,870,90.7,14697,397,93.7,59.3,3,34,1,0,32,7,0.45,0,0,22,10,15,6,21,14,7,16,1092,196,572,497,28,10,4,100,0,672,1458,3,3,0,2,0,757,2,5,0,12,4,0,0,46,26,19,57.8,N/a,N/a,N/a,N/a,jannik vestergaard,Leicester,€2M,61.7/61.7
jarrad branthwaite,engENG,Everton,DF,22-315,28,2348,0,1,4,0,1.1,0.7,9,61,2,0,0.04,0.04,0.03,37.5,0.11,0,8.2,909,82.2,17777,337,90.5,55.3,3,80,2,0,61,13,0.5,2,0.08,36,20,27,7,30,22,8,23,1413,198,735,622,63,23,5,60,20,694,2253,9,13,2,8,3,826,2,4,0,10,17,1,5,84,53,38,58.2,N/a,N/a,N/a,N/a,jarrad branthwaite,Everton,€32.2M,77.2/85.6
jarrod bowen,engENG,West Ham,"FW,MF",28-139,31,2721,10,7,1,0,8,6.3,98,86,188,0.33,0.23,0.26,0.21,41,1.06,0.12,17.4,517,71.4,8610,273,76.4,55.6,49,37,43,7,86,104,3.44,13,0.43,37,24,37,20,21,3,18,16,1123,25,125,415,607,154,116,34.5,56.9,667,2311,98,43,56,68,70,736,188,1,0,19,49,10,101,120,12,46,20.7,N/a,N/a,N/a,N/a,jarrod bowen,West Ham United,€48.1M,73.5/75.3
jean-clair todibo,frFRA,West Ham,DF,25-129,24,1564,0,0,2,0,0.2,0,9,31,5,0,0,0.01,0,0,0,0,14.6,788,87.4,14042,286,94,44.4,2,40,1,0,31,5,0.29,0,0,40,24,33,8,24,12,12,21,1090,146,603,452,44,10,14,50,50,623,1363,9,5,0,13,9,735,5,2,0,11,5,0,3,65,23,24,48.9,N/a,N/a,N/a,N/a,jean-clair todibo,West Ham United,€36M,73.4/77.6
jean-philippe mateta,frFRA,Crystal Palace,FW,27-314,34,2517,14,2,2,0,12.1,3.1,38,47,114,0.5,0.07,0.43,0.11,41,0.89,0.2,15.7,274,64.9,3631,167,62.1,31.8,27,32,15,2,47,56,2,8,0.29,17,12,16,13,16,3,13,2,695,24,58,333,318,87,43,44.2,46.5,373,916,38,20,8,70,43,511,114,2,0,27,26,17,25,64,60,99,37.7,N/a,N/a,N/a,N/a,jean-philippe mateta,C. Palace,€31.7M,74.8/74.8
jean-ricner bellegarde,frFRA,Wolves,"MF,FW",26-315,32,1551,2,6,3,0,1.3,3.6,49,39,83,0.12,0.35,0.08,0.21,25,0.29,0.1,21.7,415,78.7,6398,239,80.9,56.4,26,27,17,8,39,53,3.08,10,0.58,37,22,19,6,19,3,16,10,756,24,139,339,295,45,60,23.3,51.7,464,1440,49,35,11,38,25,519,83,3,0,29,41,1,40,57,9,18,33.3,N/a,N/a,N/a,N/a,jean-ricner bellegarde,Wolverhampton,€21.3M,68.6/69.1
jefferson lerma,coCOL,Crystal Palace,"MF,DF",30-195,30,2034,0,1,8,0,1,1.5,11,86,25,0,0.04,0.04,0.06,29.2,0.31,0,19.4,777,75.4,13661,364,81.1,46.7,9,83,17,2,86,44,1.95,3,0.13,30,15,33,16,32,15,17,37,1274,95,404,655,225,27,12,50,33.3,597,1004,11,10,0,14,15,747,25,8,0,34,36,0,11,139,39,39,50,N/a,N/a,N/a,N/a,jefferson lerma,C. Palace,€13.6M,70.8/70.8
jens cajuste,seSWE,Ipswich Town,MF,25-271,27,1783,1,0,2,0,0.5,0.6,23,46,16,0.05,0,0.02,0.03,10,0.05,0.1,21.3,576,82.4,9518,263,85.8,50,11,45,5,1,46,30,1.51,1,0.05,39,19,47,28,24,9,15,25,911,59,263,477,185,11,46,54.3,32.6,421,1182,23,21,3,21,14,522,16,2,0,21,21,0,9,99,12,21,36.4,N/a,N/a,N/a,N/a,jens cajuste,Ipswich Town,€15.5M,66.1/68.8
jesper lindstrøm,dkDEN,Everton,FW,25-068,25,1239,0,1,2,0,2.1,2,30,25,81,0,0.07,0.15,0.15,35.7,0.73,0,21,297,69.4,4593,194,65.7,44.6,19,18,12,7,25,46,3.35,1,0.07,45,25,55,36,15,3,12,12,625,22,127,206,303,40,43,18.6,72.1,302,780,30,19,7,31,24,347,81,2,0,15,10,1,71,70,6,12,33.3,N/a,N/a,N/a,N/a,jesper lindstrøm,Everton,€24.4M,70.6/73.7
joachim andersen,dkDEN,Fulham,DF,28-342,26,2313,0,0,5,1,1,0.3,13,105,2,0,0,0.04,0.01,100,1,0,25.2,61,73.5,1227,19,83.8,42.9,0,9,1,0,4,1,1,0,0,1,1,2,1,0,0,0,0,93,14,38,50,5,0,0,N/a,N/a,49,103,1,1,0,0,1,67,1,1,0,2,0,0,1,7,2,0,100,N/a,N/a,N/a,N/a,joachim andersen,Fulham,€31.4M,78.6/78.6
joe aribo,ngNGA,Southampton,"MF,DF",28-291,30,1909,3,0,1,0,2.7,1.6,35,71,64,0.14,0,0.13,0.07,41.2,0.33,0.18,14,878,88.5,13041,480,90.9,68.9,16,50,4,1,71,37,1.75,1,0.05,44,30,34,17,24,9,15,20,1203,46,288,632,294,44,46,39.1,47.8,708,1923,35,28,12,25,16,879,64,1,0,20,28,1,10,110,25,21,54.3,N/a,N/a,N/a,N/a,joe aribo,Southampton,€6.9M,63.3/64.1
joe willock,engENG,Newcastle Utd,"MF,FW",25-261,30,1026,0,2,3,0,1.6,1.9,36,38,82,0,0.18,0.14,0.17,17.6,0.26,0,15.4,281,82.4,4022,164,87,45.5,21,25,8,0,38,44,3.86,4,0.35,28,16,29,11,24,6,18,6,503,12,73,214,227,51,34,35.3,47.1,302,984,36,27,14,35,23,347,82,3,0,22,13,3,16,40,5,14,26.3,N/a,N/a,N/a,N/a,joe willock,Newcastle Utd.,€35.8M,73.3/77.4
joelinton,brBRA,Newcastle Utd,"MF,FW",28-267,29,2393,4,3,10,0,3.9,2.5,40,116,110,0.15,0.11,0.15,0.09,28.9,0.49,0.09,14,863,82.7,12199,529,86.6,60,23,80,17,2,116,61,2.29,9,0.34,57,35,44,19,37,7,30,23,1360,67,256,670,448,83,46,32.6,60.9,729,1786,40,26,9,39,53,934,110,10,0,58,35,7,16,149,59,46,56.2,N/a,N/a,N/a,N/a,joelinton,Newcastle Utd.,€47.5M,77.0/77.0
john mcginn,sctSCO,Aston Villa,"MF,FW",30-202,31,2052,1,4,7,0,2.9,3.4,31,96,72,0.04,0.18,0.13,0.15,19.2,0.22,0.04,16.2,658,82.5,11150,313,86.4,59,29,66,27,7,96,68,2.98,7,0.31,31,22,27,16,21,2,19,14,999,28,158,532,319,52,44,40.9,27.3,547,1194,31,16,6,33,25,700,72,7,0,43,67,3,54,94,16,11,59.3,N/a,N/a,N/a,N/a,john mcginn,Aston Villa,€22.5M,77.0/77.0
jordan ayew,ghGHA,Leicester City,"FW,MF",33-239,27,1425,5,0,5,0,3,1,42,37,77,0.32,0,0.19,0.06,0,0,0,5.5,8,80,167,3,66.7,100,1,0,0,0,0,1,4.29,0,0,1,0,0,0,0,0,0,0,12,0,0,7,5,1,0,N/a,N/a,6,12,0,0,0,0,1,9,1,1,0,1,0,0,1,1,1,1,50,N/a,N/a,N/a,N/a,jordan ayew,Leicester,€4.2M,65.5/66.4
jordan pickford,engENG,Everton,GK,31-062,35,3150,0,1,7,0,0,0.4,0,0,0,0,0.03,0,0.01,N/a,0,N/a,N/a,971,66.5,30852,143,98.4,46.3,2,68,8,0,0,12,0.34,2,0.06,1,0,2,1,0,0,0,1,1561,1009,1494,68,0,0,0,N/a,N/a,895,3246,0,0,0,2,0,788,0,7,0,0,7,0,0,31,4,1,80,1.23,71.1,28.6,100,jordan pickford,Everton,€22.6M,75.3/75.3
joshua zirkzee,nlNED,Manchester Utd,"FW,MF",23-351,32,1402,3,1,2,0,4.8,1.5,14,44,69,0.19,0.06,0.31,0.1,39.3,0.71,0.11,13.1,292,71.2,3600,196,74.4,50,12,26,6,0,44,31,1.99,3,0.19,14,8,10,5,15,4,11,6,587,16,71,303,219,56,35,31.4,68.6,327,523,14,21,4,41,30,418,69,2,0,9,13,3,4,57,21,54,28,N/a,N/a,N/a,N/a,joshua zirkzee,Man Utd,€43.7M,73.5/80.1
josé sá,ptPOR,Wolves,GK,32-111,27,2430,0,0,2,0,0,0.1,0,2,0,0,0,0,0.01,N/a,0,N/a,N/a,544,63.8,14150,107,97.1,30.8,2,18,1,0,2,4,0.15,0,0,2,2,2,0,0,0,0,0,911,725,903,9,0,0,7,100,0,565,2205,0,0,0,1,0,450,0,2,0,4,8,0,0,31,9,1,90,1.67,62,25.9,33.3,josé sá,Wolverhampton,€8.5M,69.9/69.9
joão gomes,brBRA,Wolves,MF,24-085,33,2781,3,1,10,1,2.7,1.2,53,148,68,0.1,0.03,0.09,0.04,21.2,0.23,0.09,18.1,1262,84.9,18027,742,85.6,60.7,22,107,22,1,148,62,2.01,3,0.1,105,62,102,60,42,4,38,25,1843,59,404,1014,451,42,57,45.6,43.9,957,2593,53,50,6,38,49,1230,68,10,1,67,41,1,27,178,9,24,27.3,N/a,N/a,N/a,N/a,joão gomes,Wolverhampton,€51.1M,71.4/77.2
joão pedro,brBRA,Brighton,"FW,MF",23-224,27,1948,10,6,4,1,8.9,5,66,78,128,0.46,0.28,0.41,0.23,35.7,0.69,0.12,17.2,482,72.9,6847,300,75.1,65.9,30,42,36,5,78,72,3.32,9,0.42,16,12,11,7,12,0,12,9,940,12,60,387,508,122,86,33.7,54.7,616,1821,66,39,30,72,38,732,128,4,1,26,46,2,22,59,41,43,48.8,N/a,N/a,N/a,N/a,joão pedro,Brighton,€61.3M,71.0/78.5
joël veltman,nlNED,Brighton,DF,33-113,20,1665,0,0,4,0,0.5,0.5,30,80,32,0,0,0.03,0.02,16.7,0.05,0,19.7,719,79.9,12118,355,80.4,63.3,6,62,8,5,80,22,1.19,1,0.05,42,28,51,21,22,7,15,18,1102,65,328,544,240,10,15,26.7,33.3,526,1448,30,22,3,19,7,599,32,4,0,27,42,0,23,68,21,18,53.8,N/a,N/a,N/a,N/a,joël veltman,Brighton,€5.7M,74.8/74.8
joško gvardiol,hrCRO,Manchester City,DF,23-105,34,3007,5,0,2,0,4.4,2,81,251,98,0.15,0,0.13,0.06,29.7,0.33,0.14,13,2321,90.9,37878,1123,93.2,68.9,25,237,20,1,251,69,2.07,7,0.21,51,34,37,18,40,20,20,38,2903,142,725,1474,727,85,40,57.5,35,1886,5715,81,92,13,25,16,2132,98,2,0,13,23,2,19,132,48,33,59.3,N/a,N/a,N/a,N/a,joško gvardiol,Man City,€78.7M,79.4/91.0
justin kluivert,nlNED,Bournemouth,"MF,FW",26-003,31,2161,12,6,8,0,10,4.8,74,95,153,0.5,0.25,0.42,0.2,41.5,0.92,0.11,20.4,533,74.3,8212,290,76.7,53.1,45,41,32,6,95,95,3.95,11,0.46,21,9,21,17,24,0,24,13,996,23,93,342,581,115,82,40.2,47.6,594,2161,74,52,34,50,26,653,153,8,0,42,29,5,80,73,7,25,21.9,N/a,N/a,N/a,N/a,justin kluivert,B'mouth,€44.8M,79.3/81.7
jørgen strand larsen,noNOR,Wolves,FW,25-091,32,2463,13,2,4,0,10,2.4,16,28,106,0.48,0.07,0.37,0.09,60.4,1.17,0.25,11.4,272,63.1,3547,167,63.2,70,19,18,4,1,28,40,1.46,5,0.18,9,6,27,23,18,4,14,5,695,34,83,329,284,104,17,41.2,58.8,328,446,16,13,9,88,32,507,106,4,0,46,18,14,6,42,66,96,40.7,N/a,N/a,N/a,N/a,jørgen strand larsen,Wolverhampton,€30.8M,72.5/76.7
kai havertz,deGER,Arsenal,"FW,MF",25-331,21,1839,9,3,4,0,9.4,2.4,34,59,110,0.44,0.15,0.46,0.12,40.4,1.03,0.17,11.7,401,78.5,4833,281,82.5,45.5,16,26,8,1,59,41,2.01,3,0.15,16,9,15,11,22,4,18,6,768,31,88,282,403,103,38,23.7,63.2,411,922,34,23,18,42,22,575,110,4,0,36,21,14,11,39,62,73,45.9,N/a,N/a,N/a,N/a,kai havertz,Arsenal,€70.5M,85.1/89.1
kalvin phillips,engENG,Ipswich Town,MF,29-157,19,1237,0,0,6,1,0.4,0.2,4,51,4,0,0,0.03,0.02,18.2,0.15,0,24.3,436,79.1,8581,162,86.7,61.2,5,49,6,1,51,17,1.24,3,0.22,35,19,39,24,35,6,29,19,739,61,223,398,122,5,12,41.7,50,310,569,4,5,0,25,10,394,4,6,1,28,20,0,20,68,7,22,24.1,N/a,N/a,N/a,N/a,kalvin phillips,Ipswich Town,€17.2M,66.6/66.7
kamaldeen sulemana,ghGHA,Southampton,"FW,MF",23-082,23,1178,1,1,2,0,1.4,1,57,26,76,0.08,0.08,0.1,0.08,30.8,0.61,0.04,18.8,253,79.8,3667,160,82.4,44.4,10,6,13,7,26,28,2.14,3,0.23,16,14,13,5,9,0,9,6,509,13,65,190,272,50,92,35.9,55.4,331,1409,57,34,23,37,22,358,76,2,0,19,10,2,25,52,9,21,30,N/a,N/a,N/a,N/a,kamaldeen sulemana,Southampton,€18.5M,65.6/71.7
kaoru mitoma,jpJPN,Brighton,"FW,MF",27-353,33,2521,9,3,1,0,8.8,4.4,138,82,277,0.32,0.11,0.31,0.16,46.3,0.89,0.17,13.9,701,75.3,9130,470,70.5,44,35,34,32,8,82,83,2.96,8,0.29,43,26,46,28,46,3,43,13,1300,15,149,445,734,156,127,38.6,57.5,786,3663,138,76,55,49,22,911,277,1,0,39,23,5,72,92,24,27,47.1,N/a,N/a,N/a,N/a,kaoru mitoma,Brighton,€50.6M,80.2/80.2
keane lewis-potter,engENG,Brentford,"DF,FW",24-075,35,2839,1,3,6,0,2.6,3,92,90,144,0.03,0.1,0.08,0.1,51.9,0.44,0.04,20.5,900,77.3,14851,485,79.4,48.8,23,61,41,14,90,67,2.12,8,0.25,44,26,44,18,24,9,15,19,1473,94,450,573,469,69,97,40.2,50.5,783,2971,92,63,34,43,19,878,144,6,0,16,29,4,71,136,26,34,43.3,N/a,N/a,N/a,N/a,keane lewis-potter,Brentford,€27.1M,71.8/77.4
kenny tete,nlNED,Fulham,DF,29-211,19,1504,0,2,4,0,1.2,0.9,33,50,47,0,0.12,0.07,0.05,9.1,0.12,0,16.1,669,81.3,10740,354,80.3,61.8,7,60,9,6,50,32,1.91,3,0.18,50,34,34,14,22,6,16,29,1033,58,332,422,287,32,19,42.1,31.6,534,1229,33,20,7,16,10,596,47,4,0,28,14,1,29,65,18,12,60,N/a,N/a,N/a,N/a,kenny tete,Fulham,€14M,70.7/71.6
kepa arrizabalaga,esESP,Bournemouth,GK,30-217,28,2520,0,0,3,0,0.1,0,0,2,0,0,0,0,0,0,0,0,9.7,671,71.9,18595,106,98.3,47.8,1,9,0,0,2,4,0.14,0,0,1,0,2,2,1,0,1,0,990,732,961,28,1,1,1,100,0,557,1588,0,0,0,0,0,435,0,3,0,2,5,0,0,52,7,1,87.5,1.25,75.4,25,0,kepa arrizabalaga,B'mouth,€12M,72.2/75.0
kevin de bruyne,beBEL,Manchester City,"MF,FW",33-314,25,1538,4,7,2,0,3.8,7.6,47,135,137,0.23,0.41,0.22,0.44,28.6,0.82,0.08,21.7,799,76,13542,408,76.8,57.8,51,80,51,11,135,104,6.08,11,0.64,17,9,23,18,8,0,8,7,1210,10,73,408,739,71,32,37.5,50,711,1860,47,45,18,24,26,907,137,2,0,16,16,5,122,56,4,15,21.1,N/a,N/a,N/a,N/a,kevin de bruyne,Man City,€20.1M,84.9/84.9
kevin schade,deGER,Brentford,FW,23-162,35,2069,10,2,3,0,7.7,3.4,56,32,146,0.43,0.09,0.33,0.15,46,1,0.2,11.6,290,58.2,4497,162,60.1,42.9,20,29,9,3,32,50,2.18,9,0.39,35,23,20,8,17,2,15,5,804,37,135,221,463,129,81,35.8,56.8,399,1275,56,26,35,54,34,497,146,3,0,20,33,13,36,78,81,65,55.5,N/a,N/a,N/a,N/a,kevin schade,Brentford,€29.7M,71.1/76.5
kieran trippier,engENG,Newcastle Utd,DF,34-231,24,1281,0,3,1,0,0.1,1.3,25,111,53,0,0.21,0.01,0.09,0,0,0,22.2,1000,82.1,17045,482,85.3,47.6,19,67,20,2,111,50,3.51,6,0.42,37,20,35,14,11,3,8,12,1347,50,373,594,389,12,8,50,50,587,1158,25,14,4,11,8,818,53,1,0,16,11,2,79,65,21,15,58.3,N/a,N/a,N/a,N/a,kieran trippier,Newcastle Utd.,€5.1M,69.5/69.5
kobbie mainoo,engENG,Manchester Utd,MF,20-019,22,1506,0,0,5,0,0.6,1.6,21,59,42,0,0,0.03,0.09,15.4,0.12,0,20.8,663,86.3,8794,419,87.6,70.7,14,46,9,0,59,30,1.79,2,0.12,42,25,36,14,16,2,14,19,980,24,183,555,251,33,49,46.9,49,602,1131,21,14,10,34,34,696,42,5,0,27,19,2,5,79,19,27,41.3,N/a,N/a,N/a,N/a,kobbie mainoo,Man Utd,€66M,68.8/87.2
konstantinos mavropanos,grGRE,West Ham,DF,27-148,31,1947,0,0,6,1,1.5,0.5,16,60,2,0,0,0.07,0.02,27.8,0.23,0,14.8,1013,85.8,19974,322,92.3,58.4,5,60,4,1,60,16,0.74,0,0,32,22,25,11,23,17,6,38,1432,221,746,632,62,24,17,52.9,29.4,794,2124,16,10,1,12,0,936,2,6,1,17,14,3,2,68,56,24,70,N/a,N/a,N/a,N/a,konstantinos mavropanos,West Ham United,€19.1M,68.8/69.2
kristoffer ajer,noNOR,Brentford,DF,27-021,22,1405,0,0,5,0,0.8,1.2,27,54,42,0,0,0.05,0.08,37.5,0.19,0,10.2,489,78.1,7626,254,79.7,49.1,8,42,7,4,54,18,1.15,2,0.13,25,17,26,12,17,4,13,12,773,52,260,359,160,35,16,43.8,50,378,1172,27,11,2,15,12,481,42,5,0,12,6,1,14,42,27,22,55.1,N/a,N/a,N/a,N/a,kristoffer ajer,Brentford,€21.5M,71.9/72.1
kyle walker-peters,engENG,Southampton,DF,28-025,33,2918,0,2,5,0,0.8,2.8,114,139,144,0,0.06,0.03,0.09,30,0.19,0,18.3,1493,88.2,22418,832,90,60.2,24,119,30,4,139,63,1.94,7,0.22,44,29,35,19,27,15,12,19,2022,151,615,884,540,59,92,41.3,42.4,1271,4373,114,72,24,32,39,1433,144,5,0,28,52,2,51,135,11,21,34.4,N/a,N/a,N/a,N/a,kyle walker-peters,Southampton,€16.6M,65.5/67.6
leandro trossard,beBEL,Arsenal,FW,30-155,35,2354,8,5,4,1,6.8,5.3,75,95,207,0.31,0.19,0.26,0.2,30.9,0.8,0.12,15.9,632,73.7,10332,333,76.3,51.2,37,41,43,9,95,80,3.06,6,0.23,26,17,31,22,31,0,31,9,1149,15,120,361,685,143,72,41.7,44.4,733,1942,75,49,29,57,43,857,207,4,1,25,43,6,79,93,6,22,21.4,N/a,N/a,N/a,N/a,leandro trossard,Arsenal,€31.8M,79.5/79.5
leif davis,engENG,Ipswich Town,DF,25-116,31,2563,1,2,5,1,0.9,4.3,48,55,117,0.04,0.07,0.03,0.15,14.3,0.07,0.07,20.4,854,71.5,14708,398,77.4,37.3,54,30,26,11,55,85,2.98,4,0.14,45,26,46,17,24,8,16,25,1459,115,517,484,477,36,37,35.1,45.9,659,1940,48,27,10,36,14,770,117,5,1,25,30,3,148,111,33,22,60,N/a,N/a,N/a,N/a,leif davis,Ipswich Town,€28.2M,67.0/73.9
leny yoro,frFRA,Manchester Utd,DF,19-176,20,1114,0,0,5,0,0.7,0.1,19,52,4,0,0,0.06,0.01,20,0.08,0,8.6,667,92.1,10721,302,93.9,65,2,43,5,1,52,8,0.65,0,0,26,11,17,6,5,3,2,18,847,83,395,385,70,13,4,50,50,577,1646,19,13,1,3,4,615,4,5,0,9,2,1,1,45,16,15,51.6,N/a,N/a,N/a,N/a,leny yoro,Man Utd,€71M,70.5/88.1
leon bailey,jmJAM,Aston Villa,"FW,MF",27-272,23,1138,1,2,3,0,1.7,1.5,57,35,121,0.08,0.16,0.14,0.12,21.4,0.47,0.04,17.3,273,70.7,4275,149,81.1,47.4,16,16,20,2,35,38,3.01,4,0.32,6,4,10,8,6,0,6,3,539,18,76,155,318,69,57,38.6,42.1,344,1334,57,22,33,35,25,386,121,3,0,12,18,3,34,59,6,9,40,N/a,N/a,N/a,N/a,leon bailey,Aston Villa,€39.2M,76.2/77.5
lesley ugochukwu,frFRA,Southampton,MF,21-043,24,1525,1,1,6,0,0.9,1,29,49,20,0.06,0.06,0.05,0.06,10,0.06,0.1,17,570,84.9,8828,277,91.5,59.5,14,52,7,1,49,23,1.36,1,0.06,49,24,33,15,26,9,17,14,838,46,199,478,167,24,26,69.2,26.9,459,1195,29,15,6,12,13,570,20,6,0,28,14,0,6,62,20,17,54.1,N/a,N/a,N/a,N/a,lesley ugochukwu,Southampton,€27M,62.1/74.4
levi colwill,engENG,Chelsea,DF,22-071,32,2879,1,1,8,0,1.3,1.1,13,125,11,0.03,0.03,0.04,0.04,18.8,0.09,0.06,9.9,2211,89.6,40277,763,95.3,57,14,144,7,3,125,38,1.19,3,0.09,42,30,25,9,35,24,11,32,2728,344,1280,1330,129,35,10,60,40,1543,3886,13,11,1,13,8,1996,11,8,0,42,19,4,13,110,76,51,59.8,N/a,N/a,N/a,N/a,levi colwill,Chelsea,€56.6M,78.1/91.4
lewis cook,engENG,Bournemouth,"MF,DF",28-094,34,2816,1,3,8,0,0.9,4.1,33,153,49,0.03,0.1,0.03,0.13,28.6,0.13,0.07,23.4,1158,76.8,20150,507,85.1,45.5,48,150,26,11,153,87,2.78,5,0.16,80,42,66,30,30,11,19,40,1814,85,427,954,453,19,18,61.1,38.9,791,2113,33,29,4,29,17,904,49,8,0,46,10,3,127,182,40,34,54.1,N/a,N/a,N/a,N/a,lewis cook,B'mouth,€19.3M,72.7/73.6
lewis dunk,engENG,Brighton,DF,33-168,25,2083,0,0,5,0,0.8,0.5,20,142,3,0,0,0.03,0.02,25,0.13,0,12.1,1778,91,32940,668,95.2,62.7,6,157,6,0,142,19,0.82,3,0.13,17,10,19,8,28,18,10,13,2127,258,993,1031,113,21,1,0,100,1341,3345,20,19,0,9,3,1556,3,5,0,7,11,2,5,104,51,31,62.2,N/a,N/a,N/a,N/a,lewis dunk,Brighton,€7.4M,69.6/71.0
lewis hall,engENG,Newcastle Utd,DF,20-242,27,2189,0,4,3,0,0.4,4.3,41,123,80,0,0.16,0.02,0.18,9.1,0.04,0,18.8,1300,81.7,21999,653,85.1,51.5,34,114,17,5,123,63,2.59,6,0.25,58,41,74,34,33,18,15,18,1820,95,623,804,414,47,21,52.4,33.3,950,2358,41,22,13,33,20,1094,80,3,0,9,21,1,110,119,30,31,49.2,N/a,N/a,N/a,N/a,lewis hall,Newcastle Utd.,€34.5M,72.1/88.0
liam delap,engENG,Ipswich Town,FW,22-089,34,2491,12,2,10,0,9.3,1.9,60,30,105,0.43,0.07,0.34,0.07,43.8,1.01,0.16,16,211,61.2,2913,118,63.5,39.1,21,16,6,0,30,62,2.24,7,0.25,10,7,14,12,8,0,8,2,659,29,78,277,326,89,84,46.4,42.9,436,1570,60,46,29,99,58,519,105,10,0,67,50,13,5,66,53,69,43.4,N/a,N/a,N/a,N/a,liam delap,Ipswich Town,€37M,65.8/75.1
lisandro martínez,arARG,Manchester Utd,DF,27-110,20,1751,2,1,7,0,1.3,1.1,23,117,7,0.1,0.05,0.07,0.06,35.3,0.31,0.12,15.9,1200,89.4,20292,522,93,55.2,9,91,18,2,117,26,1.34,2,0.1,40,24,36,15,22,8,14,32,1524,156,713,697,125,18,7,85.7,14.3,1017,3129,23,23,2,1,3,1069,7,7,0,22,7,0,9,81,16,13,55.2,N/a,N/a,N/a,N/a,lisandro martínez,Man Utd,€49.2M,73.0/74.5
lucas bergvall,seSWE,Tottenham,MF,19-095,27,1212,0,1,3,0,0.7,0.6,33,49,31,0,0.07,0.05,0.04,16.7,0.15,0,19.9,629,87.4,10567,295,89.8,74.6,11,53,7,3,49,22,1.63,4,0.3,39,19,32,15,18,8,10,24,885,36,188,478,232,22,45,46.7,44.4,531,1634,33,21,4,20,19,586,31,3,0,20,17,0,21,73,9,8,52.9,N/a,N/a,N/a,N/a,lucas bergvall,Tottenham,€32.6M,67.0/83.0
lucas digne,frFRA,Aston Villa,DF,31-292,31,2261,0,4,4,0,0.8,4.4,23,55,140,0,0.16,0.03,0.17,23.1,0.12,0,22.7,932,75.2,15153,472,78.8,40.1,35,43,29,18,55,63,2.51,5,0.2,63,37,64,21,23,4,19,25,1485,93,520,449,526,28,19,47.4,47.4,672,1328,23,14,4,17,16,808,140,4,0,20,14,7,138,100,35,27,56.5,N/a,N/a,N/a,N/a,lucas digne,Aston Villa,€13.6M,71.2/71.2
lucas paquetá,brBRA,West Ham,"MF,FW",27-254,31,2336,4,0,9,0,5.2,3.1,22,145,82,0.15,0,0.2,0.12,7.9,0.12,0.05,19.6,1088,77.3,18064,566,79.6,64.4,36,125,43,4,145,79,3.04,6,0.23,66,37,54,27,28,4,24,17,1738,62,360,957,435,57,43,41.9,46.5,891,1300,22,32,2,53,50,1220,82,9,0,52,62,6,28,146,48,57,45.7,N/a,N/a,N/a,N/a,lucas paquetá,West Ham United,€71.2M,76.0/78.0
luis díaz,coCOL,Liverpool,FW,28-115,33,2225,12,5,2,0,10,4.9,103,103,269,0.49,0.2,0.4,0.2,41.5,1.09,0.18,13.5,697,84.3,11124,374,86,82.4,54,45,43,6,103,116,4.69,16,0.65,33,21,34,21,18,0,18,7,1109,15,78,382,668,155,111,45.9,43.2,733,2803,103,53,55,51,43,878,269,2,0,48,30,10,30,98,12,33,26.7,N/a,N/a,N/a,N/a,luis díaz,Liverpool,€71M,86.5/86.5
luke woolfenden,engENG,Ipswich Town,DF,26-199,15,1187,0,0,2,0,0,0,7,15,0,0,0,0,0,0,0,0,12.9,496,88.3,9196,178,93.8,52.7,0,31,0,0,15,2,0.15,0,0,9,6,5,3,21,14,7,19,694,147,407,278,9,3,0,N/a,N/a,368,1249,7,3,0,4,0,442,0,2,0,5,2,1,0,38,15,15,50,N/a,N/a,N/a,N/a,luke woolfenden,Ipswich Town,€2M,65.0/68.3
mads hermansen,dkDEN,Leicester City,GK,24-301,27,2385,0,0,1,0,0,0,0,1,0,0,0,0,0,N/a,0,N/a,N/a,654,61,17066,151,94.8,32.7,0,20,1,0,1,3,0.11,0,0,1,1,1,0,1,0,1,0,1147,831,1106,43,0,0,1,100,0,734,1904,0,0,0,1,0,625,0,1,0,0,3,0,0,17,4,1,80,2.19,64.5,3.7,25,mads hermansen,Leicester,€19.8M,62.5/70.5
malo gusto,frFRA,Chelsea,DF,21-354,29,1832,0,1,4,0,1.7,1.3,49,119,84,0,0.05,0.08,0.06,18.2,0.2,0,21.3,1176,86.5,19189,576,88.3,61.3,21,109,18,6,119,57,2.8,4,0.2,43,28,47,23,29,8,21,23,1563,60,378,758,440,43,16,25,68.8,865,2195,49,35,8,16,17,1053,84,4,0,20,19,2,51,116,8,15,34.8,N/a,N/a,N/a,N/a,malo gusto,Chelsea,€32.8M,75.6/88.2
manuel akanji,chSUI,Manchester City,DF,29-293,23,1744,0,0,3,0,0.7,0.4,38,138,6,0,0,0.04,0.02,10,0.05,0,16.3,1427,93.9,23477,682,95.4,75.3,9,153,11,2,138,34,1.75,2,0.1,16,11,13,5,11,8,3,7,1635,111,487,797,353,11,2,100,0,1071,3362,38,52,0,4,5,1291,6,3,0,16,9,0,11,89,26,29,47.3,N/a,N/a,N/a,N/a,manuel akanji,Man City,€42.8M,79.9/82.7
marc cucurella,esESP,Chelsea,DF,26-290,33,2718,4,1,10,1,2.6,2.1,31,107,108,0.13,0.03,0.09,0.07,40.9,0.3,0.18,16.5,1569,88,24756,788,90.1,57,19,112,12,3,107,48,1.59,5,0.17,59,39,53,27,45,14,31,25,2075,109,637,958,490,73,13,30.8,53.8,882,2180,31,18,2,26,6,1287,108,10,1,34,33,3,29,119,30,51,37,N/a,N/a,N/a,N/a,marc cucurella,Chelsea,€39.4M,75.7/78.7
marc guéhi,engENG,Crystal Palace,DF,24-299,33,2969,3,2,9,1,2,1.5,22,128,10,0.09,0.06,0.06,0.05,46.7,0.21,0.2,10.7,1419,83.3,27112,525,89,55.1,15,130,11,3,128,41,1.24,5,0.15,56,31,46,16,54,22,32,25,2056,298,1007,914,146,38,15,80,13.3,1099,2891,22,17,1,16,17,1283,10,9,1,23,26,1,13,137,68,57,54.4,N/a,N/a,N/a,N/a,marc guéhi,C. Palace,€54.2M,79.0/83.7
marcos senesi,arARG,Bournemouth,DF,27-363,15,1014,0,0,5,0,0.8,0.2,12,51,5,0,0,0.07,0.02,0,0,0,6,493,76.6,10211,176,85.9,49.7,3,73,12,3,51,16,1.42,1,0.09,35,21,30,16,15,7,8,11,783,67,349,376,67,12,9,55.6,44.4,483,1465,12,14,0,6,5,493,5,5,0,19,7,0,10,67,23,27,46,N/a,N/a,N/a,N/a,marcos senesi,B'mouth,€20.4M,69.2/70.7
marcus rashford,engENG,Manchester Utd,"FW,MF",27-189,15,978,4,1,2,0,1.7,2.1,20,21,79,0.37,0.09,0.16,0.19,56.3,0.83,0.25,16.4,253,73.8,3508,168,65.9,50,15,13,16,8,21,29,2.67,1,0.09,7,4,9,6,8,0,8,4,440,3,35,189,222,34,39,23.1,66.7,293,728,20,19,12,14,6,341,79,2,0,8,7,7,27,24,5,7,41.7,N/a,N/a,N/a,N/a,marcus rashford,Aston Villa,€53.6M,79.1/79.2
marcus tavernier,engENG,Bournemouth,"FW,MF",26-047,26,1670,3,5,5,0,5.3,2.8,41,102,106,0.16,0.27,0.29,0.15,30,0.81,0.06,20.2,553,72.5,9408,267,78.3,44.9,36,64,30,9,102,85,4.58,11,0.59,41,24,26,16,16,3,13,5,1000,18,114,385,523,51,57,42.1,49.1,567,1622,41,40,7,39,43,641,106,5,0,28,23,4,91,101,25,31,44.6,N/a,N/a,N/a,N/a,marcus tavernier,B'mouth,€24.4M,71.8/74.8
mark flekken,nlNED,Brentford,GK,31-329,34,3005,0,2,1,0,0,0.5,0,0,0,0,0.06,0,0.02,N/a,0,N/a,N/a,1179,73.4,34812,142,97.5,49.9,3,47,2,0,0,10,0.3,2,0.06,4,4,9,6,2,0,2,0,1707,1338,1660,52,0,0,1,100,0,1045,3005,0,0,0,3,0,953,0,1,0,0,3,0,0,37,4,0,100,1.53,73.1,17.6,0,mark flekken,Brentford,€13.6M,72.0/72.0
martin ødegaard,noNOR,Arsenal,MF,26-142,27,2130,2,7,4,0,4.6,5,82,240,144,0.08,0.3,0.19,0.21,30.2,0.55,0.02,18.7,1141,82.9,17692,627,87.4,53.4,57,120,81,5,240,115,4.86,14,0.59,19,11,24,20,5,0,5,4,1550,7,108,655,801,105,55,41.8,54.5,1071,3426,82,74,23,33,38,1230,144,4,0,10,23,1,81,91,8,7,53.3,N/a,N/a,N/a,N/a,martin ødegaard,Arsenal,€126.5M,89.2/92.9
mateo kovačić,hrCRO,Manchester City,MF,31-002,29,2049,6,1,5,0,1.7,3.6,52,149,15,0.26,0.04,0.08,0.16,29.3,0.53,0.15,22.5,1604,92.6,24956,857,95.7,64.3,29,189,28,0,149,63,2.77,6,0.26,67,38,63,33,20,0,20,20,1959,51,287,1126,567,16,39,51.3,28.2,1332,3573,52,73,3,19,29,1590,15,5,0,23,23,0,0,110,9,8,52.9,N/a,N/a,N/a,N/a,mateo kovačić,Man City,€25.3M,77.7/77.7
mateus fernandes,ptPOR,Southampton,MF,20-302,33,2640,2,3,8,0,3.8,2.6,73,131,102,0.07,0.1,0.13,0.09,35.9,0.48,0.05,18.5,1003,79.9,16952,474,85.6,55.3,31,91,21,4,131,71,2.42,6,0.2,86,46,64,31,40,6,34,21,1619,59,345,800,511,46,99,45.5,45.5,836,2981,73,66,8,52,33,1000,102,8,0,42,53,4,104,165,13,9,59.1,N/a,N/a,N/a,N/a,mateus fernandes,Southampton,€22.5M,61.5/79.1
matheus cunha,brBRA,Wolves,"MF,FW",25-346,30,2425,15,6,3,0,7.9,7.3,104,131,147,0.56,0.22,0.29,0.27,41.2,1.48,0.15,20.6,743,71.9,11781,422,75.9,45.1,51,89,54,10,131,118,4.38,16,0.59,35,21,36,25,19,1,18,17,1425,22,173,657,643,117,130,44.6,43.8,819,3108,104,88,36,72,48,957,147,3,0,41,69,8,123,123,10,27,27,N/a,N/a,N/a,N/a,matheus cunha,Wolverhampton,€62.6M,80.9/83.2
matheus nunes,ptPOR,Manchester City,"DF,MF",26-254,24,1494,1,5,4,0,0.9,4.2,59,69,156,0.06,0.3,0.05,0.25,42.9,0.18,0.14,18.3,957,86.3,14863,536,88.2,64.9,21,45,25,7,69,39,2.35,6,0.36,32,21,34,19,14,3,11,13,1267,39,221,494,560,54,36,44.4,36.1,779,2131,59,31,22,29,13,916,156,4,0,28,17,6,39,60,13,16,44.8,N/a,N/a,N/a,N/a,matheus nunes,Man City,€42.3M,71.6/72.7
matt doherty,ieIRL,Wolves,DF,33-112,28,1965,2,1,6,0,1,1.5,29,76,40,0.09,0.05,0.05,0.07,30,0.14,0.2,11.4,1003,82.6,18738,407,86.5,61.7,11,88,14,1,76,24,1.1,3,0.14,37,20,24,8,26,15,11,21,1433,123,566,705,179,25,20,55,30,754,2050,29,19,4,11,5,909,40,6,0,18,11,2,18,99,48,19,71.6,N/a,N/a,N/a,N/a,matt doherty,Wolverhampton,€4.2M,68.1/68.1
matthijs de ligt,nlNED,Manchester Utd,DF,25-269,29,2123,2,0,3,0,2.5,0.3,7,55,6,0.08,0,0.1,0.01,50,0.38,0.11,7.9,1241,89.9,21810,454,94.4,49.1,6,63,2,1,55,14,0.59,1,0.04,30,22,32,9,29,21,8,33,1608,184,828,731,56,29,4,50,50,1078,2225,7,3,0,5,3,1158,6,3,0,16,12,2,6,68,58,29,66.7,N/a,N/a,N/a,N/a,matthijs de ligt,Man Utd,€52.2M,75.6/82.9
matty cash,plPOL,Aston Villa,DF,27-274,24,1800,1,1,6,0,0.3,1.1,46,39,75,0.05,0.05,0.02,0.05,40,0.2,0.1,19,642,79.2,10745,312,80,52.3,10,37,9,5,39,22,1.1,2,0.1,47,27,34,10,18,7,11,21,1012,73,365,401,257,37,36,41.7,44.4,507,1618,46,34,4,17,9,575,75,6,0,25,16,1,33,64,17,19,47.2,N/a,N/a,N/a,N/a,matty cash,Aston Villa,€32.9M,74.9/74.9
matz sels,beBEL,Nott'ham Forest,GK,33-071,35,3150,0,0,4,0,0,0,0,1,0,0,0,0,0,N/a,0,N/a,N/a,472,51.1,17926,72,98,36.9,1,42,3,0,1,5,0.14,0,0,1,1,1,0,0,0,0,0,1018,777,1002,16,0,0,0,N/a,N/a,489,1500,0,1,1,0,0,392,0,4,0,1,10,0,0,11,14,2,87.5,1.2,74.3,37.1,0,matz sels,Nottingham,€9.1M,72.7/73.4
max kilman,engENG,West Ham,DF,27-350,35,3078,0,1,4,0,1.4,1.2,29,107,6,0,0.03,0.04,0.03,16.7,0.06,0,8.8,1548,86.6,29962,492,92.7,58,16,102,4,0,107,29,0.85,3,0.09,33,20,25,4,55,37,18,38,2176,434,1208,879,105,31,20,70,10,1151,2956,29,13,2,16,3,1441,6,4,0,21,13,2,3,138,105,50,67.7,N/a,N/a,N/a,N/a,max kilman,West Ham United,€36.7M,72.3/72.3
maxence lacroix,frFRA,Crystal Palace,DF,25-032,32,2846,1,1,5,0,3.1,0.8,8,61,7,0.03,0.03,0.1,0.02,17.2,0.16,0.03,11.1,1125,81.5,23175,294,90.6,54.3,6,67,3,1,61,26,0.82,4,0.13,67,40,47,15,43,18,25,52,1805,331,1095,637,80,42,14,57.1,28.6,962,2079,8,4,0,21,4,1062,7,5,0,33,18,1,6,123,57,46,55.3,N/a,N/a,N/a,N/a,maxence lacroix,C. Palace,€27.7M,76.4/80.0
micky van de ven,nlNED,Tottenham,DF,24-019,12,950,0,2,4,0,0.6,1.2,8,51,1,0,0.19,0.05,0.11,33.3,0.19,0,11.1,706,91,13313,210,96.5,62.5,2,50,1,0,51,11,1.04,2,0.19,10,6,14,6,9,6,3,10,862,101,442,393,36,9,8,50,50,599,1388,8,10,1,5,4,629,1,4,0,10,8,0,0,61,19,18,51.4,N/a,N/a,N/a,N/a,micky van de ven,Tottenham,€61.8M,71.1/79.1
mikel merino,esESP,Arsenal,"MF,FW",28-320,26,1418,6,2,2,0,4.4,1.9,9,62,88,0.38,0.13,0.28,0.12,37.5,0.76,0.19,10.5,422,78,5811,266,78.7,53.3,15,34,24,4,62,39,2.48,4,0.25,38,22,29,14,18,5,13,14,724,35,130,303,300,72,19,42.1,36.8,357,645,9,12,4,22,22,470,88,2,0,36,20,7,12,78,57,52,52.3,N/a,N/a,N/a,N/a,mikel merino,Arsenal,€40.5M,74.6/74.6
mikkel damsgaard,dkDEN,Brentford,"MF,FW",24-309,35,2658,2,10,2,0,2.6,7.8,64,213,121,0.07,0.34,0.09,0.26,21.9,0.24,0.06,17.5,1011,72.7,17333,509,73.3,53.2,59,153,67,17,213,114,3.86,21,0.71,78,43,72,44,36,2,34,26,1713,34,310,785,640,72,93,52.7,35.5,972,2753,64,42,9,54,44,1131,121,2,0,18,27,6,130,159,12,25,32.4,N/a,N/a,N/a,N/a,mikkel damsgaard,Brentford,€28.6M,73.4/78.0
mohamed salah,egEGY,Liverpool,FW,32-327,35,3101,28,18,1,0,24,13.2,143,133,440,0.81,0.52,0.7,0.38,42,1.36,0.17,14.7,833,71.2,12448,468,70.3,59.6,82,49,86,14,133,157,4.56,26,0.75,20,11,16,9,11,0,11,7,1568,10,90,474,1023,327,125,44,52,1079,3375,143,54,115,109,63,1313,440,1,0,22,36,16,72,95,9,12,42.9,N/a,N/a,N/a,N/a,mohamed salah,Liverpool,€38.5M,86.6/86.6
mohammed kudus,ghGHA,West Ham,"FW,MF",24-279,29,2421,4,2,2,1,6.6,2.5,93,76,201,0.15,0.07,0.24,0.09,29.4,0.74,0.06,15.7,659,83.5,10770,351,89.1,67.9,29,44,27,13,76,101,3.76,7,0.26,35,21,27,17,24,1,23,4,1176,12,159,486,572,117,194,44.8,45.9,770,2401,93,56,39,70,89,916,201,2,1,36,60,18,74,128,10,38,20.8,N/a,N/a,N/a,N/a,mohammed kudus,West Ham United,€61.7M,73.1/79.0
moisés caicedo,ecECU,Chelsea,"MF,DF",23-187,35,3081,1,2,10,0,0.8,3,38,197,33,0.03,0.06,0.02,0.09,16.7,0.09,0.06,25.1,1827,89.7,31575,821,92.4,78.1,29,219,31,2,197,94,2.75,9,0.26,103,64,80,30,45,10,35,49,2394,89,521,1469,430,15,57,42.1,35.1,1323,3008,38,29,2,36,24,1666,33,10,0,62,55,0,9,203,33,15,68.8,N/a,N/a,N/a,N/a,moisés caicedo,Chelsea,€80.7M,81.1/91.9
morgan gibbs-white,engENG,Nott'ham Forest,MF,25-101,31,2541,5,7,11,1,4.7,4.5,64,153,118,0.18,0.25,0.17,0.16,34,0.64,0.09,17,897,78,13817,493,81.5,57.3,48,117,37,8,153,104,3.68,17,0.6,40,19,30,15,16,4,12,20,1484,34,175,752,581,86,75,40,45.3,829,2410,64,47,12,66,39,1109,118,11,1,34,37,7,39,118,39,48,44.8,N/a,N/a,N/a,N/a,morgan gibbs-white,Nottingham,€61.7M,77.1/80.0
morgan rogers,engENG,Aston Villa,"FW,MF",22-286,34,2853,8,8,9,0,6.2,7.4,108,117,177,0.25,0.25,0.2,0.23,35.8,0.6,0.15,15.9,628,73.9,9245,355,76.2,79.7,48,71,52,2,117,101,3.19,14,0.44,36,18,39,20,25,7,18,5,1269,36,185,557,553,135,153,42.5,44.4,744,3036,108,64,33,104,68,897,177,9,0,46,48,2,22,108,11,43,20.4,N/a,N/a,N/a,N/a,morgan rogers,Aston Villa,€69M,69.2/78.4
murillo,brBRA,Nott'ham Forest,DF,22-308,34,3008,2,0,5,0,1.4,1.1,20,103,5,0.06,0,0.04,0.03,25,0.18,0.08,22.2,1056,78.2,20985,395,87.8,48.9,12,124,13,1,103,40,1.2,2,0.06,53,36,46,19,67,44,23,32,1792,400,921,789,96,21,33,78.8,21.2,760,2286,20,24,1,18,10,912,5,5,0,25,4,0,12,134,43,21,67.2,N/a,N/a,N/a,N/a,murillo,Nottingham,€68.4M,73.9/85.8
myles lewis-skelly,engENG,Arsenal,DF,18-224,20,1168,1,0,2,2,0.1,0.4,32,62,33,0.08,0,0.01,0.03,50,0.08,0.5,14.3,604,90.7,8962,340,90.3,65,7,55,8,1,62,24,1.85,0,0,22,14,10,0,2,1,1,6,775,20,138,426,225,14,26,46.2,34.6,443,1473,32,23,5,11,8,529,33,2,2,10,38,0,8,45,8,10,44.4,N/a,N/a,N/a,N/a,myles lewis-skelly,Arsenal,€34.9M,59.7/79.0
nathan collins,ieIRL,Brentford,DF,24-008,35,3150,2,3,5,0,2.5,1.8,28,117,18,0.06,0.09,0.07,0.05,35.3,0.17,0.12,10.7,1572,85.7,30030,524,92.5,59.3,10,102,7,2,117,30,0.86,8,0.23,37,22,34,12,71,51,20,32,2257,360,1179,924,164,66,12,50,41.7,1176,3769,28,12,0,19,8,1365,18,5,0,24,28,6,7,149,112,60,65.1,N/a,N/a,N/a,N/a,nathan collins,Brentford,€33.3M,74.2/80.2
neco williams,wlsWAL,Nott'ham Forest,DF,24-025,32,2324,1,3,7,0,2.3,1.5,60,82,86,0.04,0.12,0.09,0.06,18.9,0.27,0.03,20.2,751,76.1,11289,434,72.3,38.9,16,64,19,8,82,46,1.78,6,0.23,75,45,73,28,40,9,31,25,1393,143,504,506,401,38,44,40.9,40.9,569,1970,60,28,15,29,17,654,86,7,0,23,39,1,46,96,36,29,55.4,N/a,N/a,N/a,N/a,neco williams,Nottingham,€23.4M,71.6/78.5
nick pope,engENG,Newcastle Utd,GK,33-019,25,2250,0,0,2,0,0,0,0,1,0,0,0,0,0,N/a,0,N/a,N/a,504,72.8,12978,104,98.5,42.8,1,2,0,0,1,6,0.24,0,0,0,0,0,0,1,0,1,1,773,612,762,11,0,0,0,N/a,N/a,397,1519,0,0,0,0,1,273,0,2,0,2,5,0,0,21,11,1,91.7,1.32,70.1,28,50,nick pope,Newcastle Utd.,€11.7M,70.1/71.3
nicolas jackson,snSEN,Chelsea,FW,23-322,29,2185,10,5,7,0,12.3,4.3,46,37,127,0.41,0.21,0.51,0.18,44.7,1.4,0.13,12.9,300,75.9,4031,182,77.4,64.3,28,22,10,1,37,68,2.8,10,0.41,22,13,10,5,14,2,12,3,679,19,50,281,357,139,60,30,51.7,413,1304,46,25,30,69,41,507,127,7,0,33,29,23,3,48,19,36,34.5,N/a,N/a,N/a,N/a,nicolas jackson,Chelsea,€66.2M,81.5/91.3
nicolás domínguez,arARG,Nott'ham Forest,"MF,FW",26-314,31,1734,0,1,9,0,1.4,1.3,13,68,27,0,0.05,0.07,0.07,38.9,0.36,0,19,725,87,10492,409,90.1,58.3,13,73,9,1,68,32,1.66,0,0,76,40,66,36,34,11,23,27,1071,72,274,555,252,26,8,37.5,37.5,400,805,13,11,2,18,10,585,27,9,0,31,16,1,5,102,21,20,51.2,N/a,N/a,N/a,N/a,nicolás domínguez,Nottingham,€18.8M,74.3/75.4
nikola milenković,rsSRB,Nott'ham Forest,DF,27-208,34,3060,4,2,4,0,3.6,1,3,49,6,0.12,0.06,0.1,0.03,26.9,0.21,0.15,12.1,748,81.2,15092,223,87.6,60.8,8,48,2,0,49,18,0.53,3,0.09,43,26,27,6,40,24,16,25,1268,242,700,490,82,59,1,100,0,486,963,3,3,2,2,2,638,6,4,0,18,4,1,0,75,96,37,72.2,N/a,N/a,N/a,N/a,nikola milenković,Nottingham,€38M,78.2/80.3
noni madueke,engENG,Chelsea,FW,23-059,29,1813,7,3,3,0,9.1,4,142,66,212,0.35,0.15,0.45,0.2,39,1.49,0.09,14.4,474,77.6,6993,288,76.6,56.4,30,13,34,8,66,76,3.77,8,0.4,22,15,34,21,17,0,17,8,878,20,90,255,548,172,90,44.4,44.4,587,3159,142,46,87,43,24,676,212,3,0,20,24,5,58,72,10,16,38.5,N/a,N/a,N/a,N/a,noni madueke,Chelsea,€51.6M,76.1/86.4
noussair mazraoui,maMAR,Manchester Utd,DF,27-175,34,2639,0,1,2,0,0.7,1.3,37,102,51,0,0.03,0.02,0.05,23.1,0.1,0,20.6,1409,85.5,21053,781,89.1,54.3,18,118,18,5,102,50,1.71,1,0.03,102,60,85,34,33,8,25,34,1976,158,779,903,318,27,47,55.3,36.2,1086,2680,37,29,3,23,16,1190,51,2,0,37,22,3,20,141,47,28,62.7,N/a,N/a,N/a,N/a,noussair mazraoui,Man Utd,€43M,76.6/77.4
nélson semedo,ptPOR,Wolves,DF,31-173,31,2661,0,4,7,0,0.8,2.7,61,70,109,0,0.14,0.03,0.09,37.5,0.2,0,23.4,973,80.1,14811,525,82.8,46.6,21,63,25,11,70,52,1.76,6,0.2,58,34,53,23,28,10,18,23,1551,116,446,707,416,24,64,45.3,42.2,790,2320,61,36,9,40,19,882,109,7,0,44,28,4,58,121,27,41,39.7,N/a,N/a,N/a,N/a,nélson semedo,Wolverhampton,€8.4M,72.4/72.4
ola aina,ngNGA,Nott'ham Forest,DF,28-212,32,2733,2,1,3,0,0.6,1.1,59,97,56,0.07,0.03,0.02,0.04,20,0.07,0.2,25.9,893,73.3,13813,472,73.7,36.4,15,78,20,9,97,58,1.91,3,0.1,54,41,63,28,32,12,20,31,1550,148,568,647,364,21,68,45.6,36.8,675,2524,59,40,10,40,22,737,56,3,0,21,34,2,47,173,13,18,41.9,N/a,N/a,N/a,N/a,ola aina,Nottingham,€18.8M,74.2/74.7
oliver skipp,engENG,Leicester City,MF,24-234,21,996,0,0,8,0,0.2,0.3,16,31,19,0,0,0.01,0.02,25,0.09,0,21,392,85,5965,201,93.3,59.4,9,30,4,0,31,14,1.27,0,0,20,4,15,6,17,4,13,10,557,24,121,350,90,7,11,54.5,45.5,321,629,16,7,3,11,5,390,19,8,0,19,13,0,5,40,10,6,62.5,N/a,N/a,N/a,N/a,oliver skipp,Leicester,€17M,70.0/76.8
ollie watkins,engENG,Aston Villa,FW,29-129,35,2333,15,7,2,0,14.7,3,52,29,148,0.58,0.27,0.57,0.12,42.3,1.27,0.17,12.2,284,74.2,3580,180,81.5,75,23,12,12,0,29,51,1.97,11,0.42,9,6,11,8,11,3,8,8,636,18,48,229,368,155,38,23.7,65.8,375,1052,52,21,36,53,46,502,148,2,0,27,30,13,7,39,47,62,43.1,N/a,N/a,N/a,N/a,ollie watkins,Aston Villa,€61.4M,80.4/80.9
omar marmoush,egEGY,Manchester City,"FW,MF",26-090,13,998,6,0,0,0,4.8,1.7,21,29,68,0.54,0,0.43,0.15,42.1,1.44,0.16,18,203,78.1,2782,133,79.7,50,13,8,24,4,29,33,2.98,1,0.09,11,6,15,8,15,1,14,5,416,3,29,121,271,56,39,41,46.2,262,760,21,15,11,37,15,295,68,0,0,13,17,9,25,32,5,8,38.5,N/a,N/a,N/a,N/a,omar marmoush,Man City,€79.1M,77.1/79.4
orel mangala,beBEL,Everton,MF,27-051,19,1261,1,0,2,0,1.1,0.6,6,34,19,0.07,0,0.08,0.05,37.5,0.43,0.06,22.1,437,89.2,6998,219,94.9,76.7,8,50,8,1,34,24,1.72,1,0.07,16,8,8,3,8,3,5,21,621,22,133,335,157,13,24,58.3,37.5,298,576,6,6,3,12,12,406,19,2,0,24,17,2,6,49,6,8,42.9,N/a,N/a,N/a,N/a,orel mangala,Everton,€24.4M,71.2/71.5
pape matar sarr,snSEN,Tottenham,MF,22-236,33,1726,3,2,6,0,3.3,1.6,32,85,50,0.16,0.1,0.17,0.08,40.6,0.68,0.09,21.8,856,86.8,13113,447,90,73.3,15,85,11,2,85,42,2.19,6,0.31,44,32,23,12,23,9,14,26,1189,38,249,669,291,26,28,39.3,50,745,1843,32,35,5,27,21,838,50,6,0,31,34,2,14,108,28,40,41.2,N/a,N/a,N/a,N/a,pape matar sarr,Tottenham,€50.8M,70.5/80.6
pau torres,esESP,Aston Villa,DF,28-112,21,1819,0,0,1,0,0.5,0.1,33,77,4,0,0,0.03,0,25,0.1,0,11.7,1079,88.7,18849,461,93.4,53.1,2,96,7,0,77,12,0.59,2,0.1,20,14,15,6,14,10,4,9,1349,218,654,622,79,16,17,88.2,11.8,839,3596,33,20,0,4,4,963,4,1,0,8,7,0,1,54,16,26,38.1,N/a,N/a,N/a,N/a,pau torres,Aston Villa,€45.3M,75.6/77.2
paul onuachu,ngNGA,Southampton,FW,30-345,24,1029,4,1,4,0,3.6,0.5,7,13,40,0.35,0.09,0.32,0.04,44.1,1.31,0.12,10.4,156,60.7,2219,83,62.7,63.2,8,13,2,0,13,9,0.79,1,0.09,7,2,7,4,7,2,5,1,428,17,43,228,160,66,25,28,56,208,243,7,5,2,49,33,349,40,4,0,28,16,9,0,17,90,56,61.6,N/a,N/a,N/a,N/a,paul onuachu,Southampton,€12.7M,63.1/63.1
pedro neto,ptPOR,Chelsea,FW,25-060,32,2013,4,5,8,0,2.9,6.1,118,57,229,0.18,0.22,0.13,0.27,29.6,0.72,0.07,18.8,632,78.6,10311,314,81.5,47.9,44,29,35,22,57,85,3.8,8,0.36,22,9,19,11,13,2,11,9,1034,12,92,302,657,108,92,32.6,43.5,672,3004,118,52,42,40,25,753,229,8,0,19,29,3,133,71,10,26,27.8,N/a,N/a,N/a,N/a,pedro neto,Chelsea,€60.6M,70.6/75.9
pedro porro,esESP,Tottenham,DF,25-237,31,2463,2,6,4,0,1.5,4,63,147,106,0.07,0.22,0.06,0.15,21.6,0.29,0.05,23.1,1324,73.5,23083,651,79.3,44.2,54,120,55,26,147,104,3.8,8,0.29,63,46,73,31,44,17,27,34,2131,124,623,772,749,30,39,33.3,61.5,1132,2677,63,40,5,23,17,1229,106,4,0,24,30,1,191,148,11,22,33.3,N/a,N/a,N/a,N/a,pedro porro,Tottenham,€55.9M,74.6/79.7
pervis estupiñán,ecECU,Brighton,DF,27-107,28,2222,1,1,5,0,1.1,2.1,55,116,107,0.04,0.04,0.04,0.08,30.4,0.28,0.04,24.5,1245,83.3,18925,734,83.3,49,24,97,32,18,116,52,2.11,4,0.16,58,39,46,15,16,2,14,34,1766,72,439,878,467,31,30,53.3,43.3,944,2388,55,55,9,31,27,1070,107,5,0,33,17,3,114,136,43,26,62.3,N/a,N/a,N/a,N/a,pervis estupiñán,Brighton,€37.1M,74.0/76.2
phil foden,engENG,Manchester City,"MF,FW",24-345,26,1693,7,2,2,0,5.1,4.7,47,95,119,0.37,0.11,0.27,0.25,30.8,0.85,0.13,18.5,743,84,11571,444,89.2,59.6,42,40,35,5,95,84,4.47,9,0.48,12,5,17,10,12,1,11,9,1076,13,81,375,629,79,39,33.3,53.8,677,1676,47,30,15,35,30,842,119,2,0,5,32,3,73,59,3,8,27.3,N/a,N/a,N/a,N/a,phil foden,Man City,€105.7M,86.5/93.6
raúl jiménez,mxMEX,Fulham,FW,34-003,35,2224,10,3,4,0,11.2,3.2,32,56,119,0.4,0.12,0.45,0.13,32.1,1.09,0.08,14.4,423,71,6367,246,73.1,61.2,20,36,10,3,56,57,2.31,6,0.24,33,23,20,13,19,5,14,10,919,30,107,396,431,154,47,40.4,53.2,509,1000,32,21,17,64,42,677,119,4,0,37,37,14,22,74,78,90,46.4,N/a,N/a,N/a,N/a,raúl jiménez,Fulham,€5.1M,68.8/68.8
riccardo calafiori,itITA,Arsenal,DF,22-354,17,925,2,1,4,0,0.9,0.3,21,54,29,0.19,0.1,0.08,0.03,60,0.58,0.2,14.1,449,85.4,6549,272,85.7,67.9,6,40,9,1,54,13,1.26,2,0.19,26,18,29,11,12,6,6,9,628,30,161,249,222,29,13,69.2,23.1,291,839,21,12,3,11,5,377,29,4,0,16,6,3,11,30,22,13,62.9,N/a,N/a,N/a,N/a,riccardo calafiori,Arsenal,€49.3M,73.1/80.7
rico lewis,engENG,Manchester City,"DF,MF",20-168,27,1818,1,2,5,1,1.4,0.3,36,104,68,0.05,0.1,0.07,0.02,20,0.1,0.1,15.8,1143,92,16487,681,94.2,68.3,7,92,14,0,104,31,1.54,3,0.15,29,19,21,8,28,7,21,13,1404,51,286,707,427,42,21,42.9,52.4,816,2034,36,38,8,19,19,1005,68,5,1,11,33,0,3,94,5,13,27.8,N/a,N/a,N/a,N/a,rico lewis,Man City,€62.7M,75.0/88.9
robert sánchez,esESP,Chelsea,GK,27-171,29,2610,0,0,5,0,0,0.1,0,1,0,0,0,0,0,N/a,0,N/a,N/a,810,71.7,19431,193,96.4,38.5,2,25,1,0,1,7,0.24,2,0.07,0,0,1,1,0,0,0,2,1197,883,1186,11,0,0,0,N/a,N/a,805,2517,0,0,0,0,0,751,0,5,0,2,4,0,0,41,9,0,100,1.1,76.3,27.6,20,robert sánchez,Chelsea,€24.9M,75.8/75.8
rodrigo bentancur,uyURU,Tottenham,MF,27-317,23,1518,2,0,7,0,1.3,0.4,26,99,34,0.12,0,0.08,0.03,22.7,0.3,0.09,17.4,916,88.1,14862,439,92.7,75.4,10,107,12,2,99,45,2.67,3,0.18,38,20,39,20,24,8,16,36,1252,70,299,747,215,24,18,44.4,44.4,739,1446,26,23,5,18,19,826,34,7,0,31,10,1,4,111,35,27,56.5,N/a,N/a,N/a,N/a,rodrigo bentancur,Tottenham,€31.5M,74.3/75.0
rodrigo muniz,brBRA,Fulham,FW,24-004,31,964,8,1,1,0,5.8,0.7,6,27,31,0.75,0.09,0.54,0.07,48.7,1.77,0.21,12,92,64.8,1540,46,68.9,84.6,7,13,3,0,27,17,1.59,2,0.19,10,5,4,0,9,2,7,5,311,14,27,161,127,55,18,33.3,50,157,187,6,4,3,47,24,237,31,1,0,11,31,3,1,14,67,63,51.5,N/a,N/a,N/a,N/a,rodrigo muniz,Fulham,€8.2M,66.7/71.6
ryan christie,sctSCO,Bournemouth,MF,30-075,29,2117,2,3,9,0,1.8,3.5,34,137,44,0.09,0.13,0.08,0.15,36.4,0.51,0.06,19.6,837,79.3,14882,368,87.9,48.8,41,118,33,5,137,85,3.62,9,0.38,54,33,64,37,44,11,33,30,1376,74,256,773,372,46,48,47.9,45.8,726,1773,34,40,8,44,25,777,44,9,0,43,31,1,48,182,20,28,41.7,N/a,N/a,N/a,N/a,ryan christie,B'mouth,€16.2M,76.7/76.7
ryan gravenberch,nlNED,Liverpool,MF,22-357,34,2921,0,4,5,0,1,2.9,65,168,54,0,0.12,0.03,0.09,27.8,0.15,0,24.7,1595,88.9,23774,873,91.7,60.8,25,140,32,1,168,65,2,6,0.18,65,34,51,21,34,10,24,57,2176,104,446,1274,485,23,75,48,37.3,1286,3408,65,71,9,48,21,1548,54,5,0,42,46,0,6,182,26,14,65,N/a,N/a,N/a,N/a,ryan gravenberch,Liverpool,€85.3M,86.8/98.3
ryan manning,ieIRL,Southampton,"DF,MF",28-328,23,1459,0,1,2,0,0.3,3.2,14,35,74,0,0.06,0.02,0.2,12.5,0.06,0,22,619,77.2,10360,317,80.9,44.4,34,33,12,8,35,50,3.08,3,0.18,28,17,26,12,20,11,9,17,965,70,258,396,321,22,36,30.6,44.4,482,977,14,13,4,17,5,572,74,2,0,19,32,0,84,65,15,5,75,N/a,N/a,N/a,N/a,ryan manning,Southampton,€3.9M,62.2/62.4
ryan yates,engENG,Nott'ham Forest,MF,27-168,32,1874,2,1,10,0,2.3,1.1,17,48,14,0.1,0.05,0.11,0.05,28.1,0.43,0.06,19.3,592,81.7,8715,314,85.8,56.6,17,46,4,0,48,36,1.73,3,0.14,41,21,37,20,35,9,26,26,1001,77,266,488,257,40,18,50,27.8,408,888,17,18,1,23,18,526,14,10,0,52,49,6,5,95,44,30,59.5,N/a,N/a,N/a,N/a,ryan yates,Nottingham,€18.3M,72.2/74.0
rúben dias,ptPOR,Manchester City,DF,27-359,24,2001,0,0,4,0,1.4,0.3,35,122,6,0,0,0.06,0.01,27.8,0.22,0,19.2,1943,93.6,33548,814,96.3,66.9,5,189,5,0,122,22,0.99,1,0.04,16,10,11,4,17,14,3,18,2230,195,749,1231,255,22,3,66.7,33.3,1592,5295,35,54,1,7,1,1815,6,4,0,12,8,0,3,68,30,31,49.2,N/a,N/a,N/a,N/a,rúben dias,Man City,€58.5M,86.4/86.4
sam morsy,egEGY,Ipswich Town,MF,33-240,30,2486,1,1,10,0,0.3,0.8,16,104,9,0.04,0.04,0.01,0.03,22.2,0.07,0.11,26.3,1103,86.2,17664,575,91.3,57.4,18,132,13,2,104,40,1.45,2,0.07,62,36,57,31,32,13,19,28,1498,88,447,855,210,4,21,57.1,33.3,761,1783,16,20,2,15,10,999,9,10,0,45,24,0,12,138,17,23,42.5,N/a,N/a,N/a,N/a,sam morsy,Ipswich Town,€1.3M,65.0/65.6
sammie szmodics,ieIRL,Ipswich Town,"FW,MF",29-226,19,979,4,0,2,0,3.4,0.2,16,18,46,0.37,0,0.31,0.02,57.1,1.1,0.19,14,144,74.2,2402,67,84.4,51.7,4,10,4,1,18,9,0.83,0,0,15,9,23,17,10,2,8,6,309,17,80,119,116,33,12,33.3,50,174,399,16,8,7,24,17,189,46,2,0,9,8,8,13,41,6,11,35.3,N/a,N/a,N/a,N/a,sammie szmodics,Ipswich Town,€14.1M,61.3/61.3
sander berge,noNOR,Fulham,MF,27-083,28,2091,0,0,5,0,0.2,0.6,27,116,8,0,0,0.01,0.03,0,0,0,7.6,1017,91.4,18059,421,94.6,83.5,17,105,4,0,116,41,1.76,2,0.09,48,28,37,12,26,8,18,20,1291,76,354,737,206,13,20,55,30,754,1856,27,22,2,12,15,836,8,5,0,29,8,0,3,118,27,20,57.4,N/a,N/a,N/a,N/a,sander berge,Fulham,€27.8M,72.4/72.7
sandro tonali,itITA,Newcastle Utd,MF,25-000,33,2360,3,2,5,0,3.7,1.4,33,116,48,0.11,0.08,0.14,0.05,31.3,0.38,0.09,19.6,1136,83.5,17948,599,87,61.8,20,91,26,4,116,61,2.32,8,0.3,47,30,44,22,32,10,22,33,1624,63,372,896,382,41,35,54.3,37.1,877,2014,33,34,5,27,23,1126,48,5,0,36,44,2,31,163,12,11,52.2,N/a,N/a,N/a,N/a,sandro tonali,Newcastle Utd.,€52.9M,78.0/82.3
santiago bueno,uyURU,Wolves,DF,26-180,28,1683,0,0,2,0,0.4,0,1,28,1,0,0,0.02,0,50,0.16,0,14,741,88,13598,260,93.9,56,0,24,2,0,28,12,0.64,4,0.21,40,21,22,5,35,20,15,15,1023,169,520,485,21,6,4,0,100,555,1430,1,2,0,2,2,660,1,2,0,26,5,0,0,43,35,31,53,N/a,N/a,N/a,N/a,santiago bueno,Wolverhampton,€11.2M,68.6/71.2
saša lukić,rsSRB,Fulham,MF,28-268,28,2169,0,2,12,0,1.2,2.6,37,92,29,0,0.08,0.05,0.11,11.8,0.08,0,20.1,1027,87.7,17364,486,92,70.3,23,97,15,6,92,50,2.08,3,0.12,66,37,53,32,19,7,12,26,1394,50,303,797,307,18,17,47.1,29.4,775,2083,37,39,4,22,8,897,29,12,0,62,26,0,55,107,18,24,42.9,N/a,N/a,N/a,N/a,saša lukić,Fulham,€12.1M,72.1/72.1
sepp van den berg,nlNED,Brentford,DF,23-139,28,2316,0,0,2,0,1.7,0.5,10,72,27,0,0,0.07,0.02,31.3,0.19,0,10.6,958,84.7,16548,415,89.1,62.5,5,57,3,1,72,21,0.82,2,0.08,37,22,27,9,50,36,14,20,1430,252,728,547,159,42,7,57.1,42.9,636,1663,10,9,1,14,7,806,27,2,0,20,5,1,7,87,84,66,56,N/a,N/a,N/a,N/a,sepp van den berg,Brentford,€26.4M,71.5/79.4
simon adingra,ciCIV,Brighton,"FW,MF",23-127,26,956,2,1,0,0,2.2,1.8,37,14,119,0.19,0.09,0.21,0.17,28,0.66,0.08,16.2,255,76.1,3699,160,74,55.6,13,5,12,5,14,39,3.68,7,0.66,23,14,22,12,12,0,12,8,488,8,63,158,272,64,48,43.8,56.3,324,1042,37,17,20,35,11,341,119,0,0,11,3,2,35,41,6,3,66.7,N/a,N/a,N/a,N/a,simon adingra,Brighton,€34M,67.6/75.0
stefan ortega,deGER,Manchester City,GK,32-183,13,1100,0,0,1,0,0,0,0,0,0,0,0,0,0,N/a,0,N/a,N/a,373,81.3,8327,102,96.9,51.3,0,6,0,0,0,0,0,0,0,0,0,1,1,0,0,0,0,492,383,489,3,0,0,0,N/a,N/a,323,864,0,0,0,0,0,309,0,1,0,1,2,0,0,8,2,0,100,1.47,68,25,0,stefan ortega,Man City,€5.8M,61.7/61.7
stephy mavididi,engENG,Leicester City,FW,26-342,30,1615,4,1,2,0,1.8,2.6,91,57,138,0.22,0.06,0.1,0.15,26.9,0.39,0.15,16.1,460,75,6191,286,67.4,41.9,22,32,26,7,57,50,2.78,7,0.39,34,19,42,28,26,2,24,11,863,23,132,327,421,61,95,36.8,49.5,583,2355,91,40,27,39,35,623,138,2,0,18,18,3,69,83,9,15,37.5,N/a,N/a,N/a,N/a,stephy mavididi,Leicester,€12.9M,66.8/70.1
sávio,brBRA,Manchester City,"FW,MF",21-028,27,1734,1,8,3,0,4.9,6.8,133,66,239,0.05,0.42,0.25,0.35,38.9,1.09,0.02,17.7,676,80.9,10078,412,80.1,57.4,44,19,47,8,66,107,5.55,15,0.78,22,16,18,9,13,2,11,6,1071,14,55,281,754,149,111,45.9,35.1,766,3494,133,44,73,42,37,834,239,3,0,17,27,3,81,79,1,2,33.3,N/a,N/a,N/a,N/a,sávio,Man City,€74.8M,77.8/91.6
taylor harwood-bellis,engENG,Southampton,DF,23-098,32,2654,1,0,9,0,1.8,1,29,119,9,0.03,0,0.06,0.03,40,0.27,0.05,10.6,1807,87.9,33577,655,91.8,64.4,14,171,10,1,119,37,1.25,2,0.07,27,19,34,15,60,38,22,30,2349,313,1089,1092,178,40,3,100,0,1361,3731,29,27,0,15,5,1704,9,9,0,34,14,0,10,120,56,42,57.1,N/a,N/a,N/a,N/a,taylor harwood-bellis,Southampton,€29.9M,66.9/79.9
thomas partey,ghGHA,Arsenal,"MF,DF",31-329,32,2527,4,2,4,0,2,1.9,32,171,47,0.14,0.07,0.07,0.07,30.4,0.25,0.17,19.5,1525,87.3,24370,798,88.6,66.4,17,151,33,2,171,58,2.07,13,0.46,80,49,72,28,25,7,18,33,1989,66,418,1098,485,28,33,66.7,27.3,1125,3235,32,37,3,22,16,1416,47,4,0,40,28,1,12,123,26,22,54.2,N/a,N/a,N/a,N/a,thomas partey,Arsenal,€15.2M,77.2/77.2
timothy castagne,beBEL,Fulham,DF,29-154,24,1649,0,1,1,0,0.4,1.2,17,62,67,0,0.05,0.02,0.07,37.5,0.16,0,14,780,81.8,12441,397,85.9,49.3,9,51,5,3,62,25,1.36,3,0.16,46,29,45,19,15,6,9,22,1164,92,449,462,259,32,12,41.7,41.7,547,1044,17,15,2,15,5,665,67,1,0,15,6,1,37,57,34,35,49.3,N/a,N/a,N/a,N/a,timothy castagne,Fulham,€17.4M,75.9/75.9
tomáš souček,czCZE,West Ham,MF,30-070,32,2330,8,1,8,0,6,1,6,70,65,0.31,0.04,0.23,0.04,26.9,0.54,0.15,12,656,73.7,10935,329,76.3,68.9,14,59,8,1,70,43,1.66,3,0.12,42,19,39,17,35,17,18,18,1168,110,315,577,280,97,11,54.5,45.5,449,470,6,10,3,17,13,696,65,8,0,44,24,4,13,57,95,68,58.3,N/a,N/a,N/a,N/a,tomáš souček,West Ham United,€23.2M,75.6/75.6
tosin adarabioyo,engENG,Chelsea,DF,27-226,20,1229,1,1,3,0,0.9,0.2,5,37,1,0.07,0.07,0.07,0.02,16.7,0.15,0.08,12.5,988,91.4,18105,374,94.9,61.1,1,53,1,0,37,12,0.88,1,0.07,14,10,12,4,9,7,2,10,1198,160,570,603,26,13,5,80,0,713,1690,5,2,0,3,0,916,1,3,0,8,6,1,0,34,36,26,58.1,N/a,N/a,N/a,N/a,tosin adarabioyo,Chelsea,€24.3M,74.1/74.1
toti gomes,ptPOR,Wolves,DF,26-112,28,2344,0,1,6,0,0.7,0.9,21,67,15,0,0.04,0.03,0.04,28.6,0.08,0,11.6,1272,85.1,21197,577,92.4,49.3,9,72,5,3,67,20,0.77,1,0.04,53,38,37,7,28,17,11,23,1772,207,847,851,95,15,28,67.9,25,1028,2641,21,18,0,16,13,1202,15,6,0,23,14,4,13,100,48,24,66.7,N/a,N/a,N/a,N/a,toti gomes,Wolverhampton,€18.6M,70.6/72.1
trent alexander-arnold,engENG,Liverpool,DF,26-213,31,2296,3,6,5,0,1.8,6.7,50,221,90,0.12,0.24,0.07,0.26,18.6,0.31,0.07,23.3,1397,73.6,26692,612,76.2,48.6,50,198,63,20,221,94,3.68,10,0.39,70,49,103,55,26,9,17,30,2173,86,578,976,633,44,35,45.7,48.6,1139,2780,50,35,9,19,15,1384,90,5,0,11,8,1,145,129,3,13,18.8,N/a,N/a,N/a,N/a,trent alexander-arnold,Liverpool,€55.8M,85.3/87.4
trevoh chalobah,engENG,Crystal Palace,DF,25-307,12,1060,3,0,1,0,1.2,0.4,11,34,6,0.25,0,0.1,0.03,36.4,0.34,0.27,15.1,349,79,6831,125,85.2,51.2,4,27,2,1,34,11,0.93,0,0,20,16,23,11,19,9,10,19,594,66,275,276,51,14,10,60,20,278,661,11,9,1,4,7,317,6,1,0,10,15,1,7,56,22,19,53.7,N/a,N/a,N/a,N/a,trevoh chalobah,Chelsea,€20.1M,75.2/78.8
tyler adams,usUSA,Bournemouth,MF,26-083,25,1710,0,3,7,0,1.6,1,12,65,9,0,0.16,0.08,0.05,25,0.11,0,16.1,757,83.6,11872,368,88,54.7,16,57,2,1,65,37,1.95,4,0.21,75,46,66,31,33,10,23,32,1151,53,308,661,194,17,16,18.8,56.3,554,1183,12,17,1,27,12,630,9,7,0,41,19,0,3,100,29,17,63,N/a,N/a,N/a,N/a,tyler adams,B'mouth,€24.4M,72.9/75.9
tyler dibling,engENG,Southampton,"FW,MF",19-057,31,1742,2,0,6,0,2.5,1.5,68,61,93,0.1,0,0.13,0.08,32.1,0.46,0.07,19.3,472,80.7,7050,267,85.1,43.5,20,25,20,1,61,56,2.89,4,0.21,34,20,26,10,19,5,14,8,823,25,110,372,360,41,104,42.3,36.5,533,2129,68,49,26,41,53,617,93,6,0,28,49,2,28,75,10,21,32.3,N/a,N/a,N/a,N/a,tyler dibling,Southampton,€32.7M,53.3/81.5
tyrick mitchell,engENG,Crystal Palace,DF,25-249,35,2942,0,4,2,0,1.2,5.7,56,64,166,0,0.12,0.04,0.18,18.2,0.06,0,13.4,929,72.3,14968,484,75.1,42.2,38,46,32,15,64,69,2.11,6,0.18,87,54,42,20,62,12,50,14,1656,108,573,637,459,42,33,39.4,48.5,766,1590,56,33,9,36,28,850,166,2,0,20,24,2,100,156,18,21,46.2,N/a,N/a,N/a,N/a,tyrick mitchell,C. Palace,€24.6M,80.7/83.8
tyrone mings,engENG,Aston Villa,DF,32-056,13,1051,0,0,1,0,0.8,0.2,6,39,0,0,0,0.07,0.02,11.1,0.09,0,11.8,581,88.6,10405,227,94.3,54,3,47,5,0,39,17,1.45,2,0.17,6,5,2,0,13,11,2,7,767,139,388,340,43,15,2,100,0,472,1333,6,12,0,3,1,523,0,1,0,3,9,0,1,33,26,21,55.3,N/a,N/a,N/a,N/a,tyrone mings,Aston Villa,€5.8M,69.5/69.5
valentino livramento,engENG,Newcastle Utd,DF,22-177,34,2570,0,1,1,0,0.2,2.3,73,144,98,0,0.04,0.01,0.08,20,0.04,0,20.6,1278,85,18914,740,86.3,57,21,98,24,5,144,39,1.37,2,0.07,52,34,56,26,34,10,24,21,1796,108,572,822,427,33,48,43.8,41.7,935,2984,73,39,11,26,34,1041,98,1,0,6,34,2,45,173,23,31,42.6,N/a,N/a,N/a,N/a,valentino livramento,Newcastle Utd.,€49.3M,73.6/84.3
virgil van dijk,nlNED,Liverpool,DF,33-304,35,3150,3,1,4,0,2.2,0.7,18,180,6,0.09,0.03,0.06,0.02,29.6,0.23,0.11,13.1,2543,91.6,46352,1042,95.5,67.2,12,269,6,0,180,47,1.34,4,0.11,35,17,20,9,25,14,11,54,3125,425,1257,1719,159,48,5,60,40,1746,4531,18,22,3,9,5,2153,6,4,0,16,12,0,1,110,111,46,70.7,N/a,N/a,N/a,N/a,virgil van dijk,Liverpool,€24.3M,79.8/80.3
vitaliy mykolenko,uaUKR,Everton,DF,25-344,32,2812,0,1,3,0,0.4,1.6,31,105,90,0,0.03,0.01,0.05,0,0,0,20.5,908,74.4,15184,467,74.2,44.7,20,96,37,22,105,38,1.22,3,0.1,55,33,51,25,24,9,15,37,1541,115,480,656,416,30,20,40,45,636,1432,31,27,1,21,10,783,90,3,0,20,28,3,91,79,46,36,56.1,N/a,N/a,N/a,N/a,vitaliy mykolenko,Everton,€33.5M,75.7/77.8
vitaly janelt,deGER,Brentford,MF,26-363,32,2254,1,3,3,0,0.8,2.2,17,80,38,0.04,0.12,0.03,0.09,28.6,0.16,0.07,17.7,872,82.5,14466,443,85.4,55.9,14,78,23,7,80,32,1.28,3,0.12,38,22,36,15,33,9,24,27,1289,118,418,574,306,32,12,25,58.3,652,1278,17,18,3,16,10,814,38,3,0,24,15,1,30,107,19,11,63.3,N/a,N/a,N/a,N/a,vitaly janelt,Brentford,€27.1M,77.0/77.8
wes burns,wlsWAL,Ipswich Town,"FW,DF",30-166,18,926,0,1,1,0,0.5,1.6,38,8,65,0,0.1,0.05,0.16,14.3,0.1,0,18.3,153,60.5,2416,82,65.4,38.9,10,8,8,7,8,16,1.55,1,0.1,13,11,10,6,7,2,5,10,350,21,69,129,160,18,24,37.5,58.3,216,696,38,13,10,17,13,220,65,1,0,4,11,0,46,50,8,21,27.6,N/a,N/a,N/a,N/a,wes burns,Ipswich Town,€2.1M,64.4/64.4
wesley fofana,frFRA,Chelsea,DF,24-142,14,1172,0,0,7,0,0.4,0.4,19,32,4,0,0,0.03,0.03,0,0,0,10.6,724,90.2,12262,306,92.5,61.9,6,54,1,0,32,15,1.15,0,0,13,12,14,8,14,9,5,14,933,81,370,523,55,10,15,53.3,20,557,1614,19,12,1,16,5,665,4,7,0,24,16,0,1,54,27,12,69.2,N/a,N/a,N/a,N/a,wesley fofana,Chelsea,€30.3M,72.6/77.7
wilfred ndidi,ngNGA,Leicester City,MF,28-143,26,2147,0,4,8,0,2,1.8,17,65,75,0,0.17,0.09,0.08,36.4,0.34,0,13.9,775,80.3,11104,423,82.1,54.5,15,62,10,3,65,27,1.13,3,0.13,81,50,54,27,47,19,28,26,1298,113,430,634,246,60,32,40.6,53.1,628,1029,17,23,2,34,33,772,75,8,0,39,17,3,30,121,55,55,50,N/a,N/a,N/a,N/a,wilfred ndidi,Leicester,€20.3M,69.3/70.8
will hughes,engENG,Crystal Palace,MF,30-021,30,1899,0,3,11,0,1,2.7,19,83,24,0,0.14,0.05,0.13,5,0.05,0,22.5,672,75.8,10702,342,82.5,35.8,29,69,14,3,83,61,2.89,6,0.28,61,33,59,32,30,14,16,19,1096,42,259,562,287,15,14,28.6,42.9,478,1132,19,22,1,20,24,606,24,11,0,60,30,0,68,110,17,17,50,N/a,N/a,N/a,N/a,will hughes,C. Palace,€11.1M,72.5/72.5
william saliba,frFRA,Arsenal,DF,24-045,33,2904,2,0,2,1,2.3,0.9,16,134,6,0.06,0,0.07,0.03,33.3,0.06,0.33,5.4,2320,94.2,39927,978,96,79.9,7,175,6,0,134,26,0.81,1,0.03,60,36,27,6,24,15,9,21,2717,178,1072,1519,141,18,19,63.2,31.6,1675,4013,16,17,1,18,7,2056,6,2,1,28,17,1,3,146,58,35,62.4,N/a,N/a,N/a,N/a,william saliba,Arsenal,€79.5M,88.9/96.7
wout faes,beBEL,Leicester City,DF,27-035,31,2545,1,0,4,0,1.4,0.1,12,80,1,0.04,0,0.05,0,9.1,0.04,0.09,10,1252,87.7,23226,481,95,53.7,4,79,6,0,80,17,0.6,0,0,39,23,43,20,45,33,12,26,1735,277,852,824,67,26,6,83.3,16.7,1011,2703,12,13,2,16,6,1154,1,4,0,21,10,1,5,87,41,34,54.7,N/a,N/a,N/a,N/a,wout faes,Leicester,€25M,67.2/70.8
yankuba minteh,gmGAM,Brighton,"FW,MF",20-290,29,1587,6,4,6,0,4,4.7,71,40,163,0.34,0.23,0.22,0.27,50,0.85,0.2,13.5,297,62.3,4794,170,61.9,47.5,25,13,29,8,40,54,3.07,11,0.62,45,32,45,28,20,0,20,11,723,30,129,204,408,121,84,47.6,44,410,1768,71,19,56,44,21,423,163,6,0,20,10,4,76,75,16,32,33.3,N/a,N/a,N/a,N/a,yankuba minteh,Brighton,€42.6M,74.0/85.6
yasin ayari,seSWE,Brighton,MF,21-214,31,1759,1,1,3,0,2.2,2.2,30,69,59,0.05,0.05,0.11,0.11,28,0.36,0.04,19,713,81.2,10693,419,84.7,37.1,28,52,17,4,69,58,2.97,6,0.31,54,29,51,30,23,6,17,20,1119,52,247,569,320,43,41,41.5,36.6,585,1398,30,25,6,34,21,716,59,3,0,33,23,3,64,107,14,20,41.2,N/a,N/a,N/a,N/a,yasin ayari,Brighton,€21.4M,67.1/79.5
yehor yarmoliuk,uaUKR,Brentford,MF,21-068,28,1196,0,0,5,0,0.6,0.9,15,52,44,0,0,0.05,0.07,22.2,0.15,0,15.9,535,85.5,9305,266,88.4,83.8,9,62,7,4,52,22,1.66,2,0.15,39,24,46,23,24,7,17,10,794,52,219,411,179,15,21,47.6,42.9,410,748,15,17,3,24,16,493,44,5,0,13,9,2,16,92,8,7,53.3,N/a,N/a,N/a,N/a,yehor yarmoliuk,Brentford,€18M,65.9/75.9
yoane wissa,cdCOD,Brentford,FW,28-247,32,2650,18,3,2,0,16.5,1.8,51,57,135,0.61,0.1,0.56,0.06,46.3,1.26,0.23,13.4,408,76.1,5924,252,75.3,57.8,23,41,9,1,57,61,2.07,8,0.27,22,12,27,16,29,8,21,8,850,32,130,348,387,147,45,28.9,51.1,497,1452,51,23,28,70,29,599,135,2,0,28,47,14,20,67,29,34,46,N/a,N/a,N/a,N/a,yoane wissa,Brentford,€31.4M,76.7/76.7
youri tielemans,beBEL,Aston Villa,MF,28-001,35,2997,3,7,4,0,3.1,6.9,39,234,48,0.09,0.21,0.09,0.21,31.6,0.36,0.08,20.3,1679,82.1,28817,779,87.4,54.1,59,228,37,4,234,119,3.57,12,0.36,83,57,73,33,37,16,21,22,2361,100,472,1357,557,42,60,51.7,30,1275,2541,39,26,9,30,29,1654,48,4,0,41,56,0,118,145,22,18,55,N/a,N/a,N/a,N/a,youri tielemans,Aston Villa,€41.5M,79.1/79.9
yukinari sugawara,jpJPN,Southampton,"DF,MF",24-314,29,1467,1,1,4,0,0.5,2.2,32,68,76,0.06,0.06,0.03,0.14,38.5,0.31,0.08,19.2,689,79.9,10831,366,82.9,47.9,17,43,21,9,68,39,2.39,1,0.06,29,16,30,12,17,7,10,10,1023,61,306,395,327,29,20,45,50,553,1354,32,15,7,18,4,692,76,4,0,15,9,4,69,40,5,9,35.7,N/a,N/a,N/a,N/a,yukinari sugawara,Southampton,€15.7M,65.6/72.2
yves bissouma,mlMLI,Tottenham,MF,28-251,25,1300,2,0,7,0,0.6,0.3,15,72,3,0.14,0,0.04,0.02,36.4,0.28,0.18,23.4,717,89.2,10833,394,92.9,63.2,6,59,10,1,72,15,1.04,0,0,47,29,33,15,9,6,3,16,981,63,282,554,151,5,21,33.3,66.7,577,1526,15,17,0,25,15,669,3,7,0,23,18,0,2,78,5,7,41.7,N/a,N/a,N/a,N/a,yves bissouma,Tottenham,€29.8M,71.4/71.7
álex moreno,esESP,Nott'ham Forest,"DF,MF",31-334,15,955,0,1,2,0,0.2,1.3,26,34,34,0,0.09,0.02,0.12,0,0,0,23.7,308,72,4574,184,64.2,35,8,25,9,2,34,16,1.51,2,0.19,25,18,39,24,11,5,6,15,559,60,210,202,158,8,21,38.1,38.1,229,864,26,16,4,13,6,258,34,2,0,12,6,0,19,50,3,11,21.4,N/a,N/a,N/a,N/a,álex moreno,Nottingham,€11M,68.5/69.2
i̇lkay gündoğan,deGER,Manchester City,MF,34-196,31,2050,0,5,1,0,2.7,2.8,57,115,86,0,0.22,0.12,0.12,20,0.22,0,18.3,1408,89.3,21666,803,91.9,62.9,37,97,21,2,115,74,3.25,11,0.48,24,13,23,13,14,0,14,13,1748,43,256,848,664,60,35,45.7,37.1,1035,2813,57,52,9,27,24,1366,86,1,0,15,21,0,57,105,13,11,54.2,N/a,N/a,N/a,N/a,i̇lkay gündoğan,Man City,€12.1M,81.2/81.2
łukasz fabiański,plPOL,West Ham,GK,40-020,13,1070,0,0,2,0,0,0,0,0,0,0,0,0,0,N/a,0,N/a,N/a,304,67,8756,53,99.3,41.3,0,4,0,0,0,3,0.25,0,0,0,0,1,1,0,0,0,0,488,382,483,5,0,0,2,100,0,258,845,0,0,0,0,0,227,0,2,0,2,1,0,0,5,2,1,66.7,1.68,74.6,16.7,0,łukasz fabiański,West Ham United,€0.9M,64.4/64.4
